,VaR_GARCH,loss_real,violation
2018-01-02,0.010194258754277817,-0.006858263307510025,0
2018-01-03,0.010194258754277817,-0.0015429890108669083,0
2018-01-04,0.010194258754277817,-0.0004145914639274357,0
2018-01-05,0.010194258754277817,-0.00040044297826364943,0
2018-01-08,0.010194258754277817,-0.0010869923455694712,0
2018-01-09,0.009966338311456284,-0.001827323504344186,0
2018-01-10,0.009966338311456284,-0.0031922686684525527,0
2018-01-11,0.009966338311456284,-0.006134648454183701,0
2018-01-12,0.009966338311456284,-0.001632551266377766,0
2018-01-16,0.009966338311456284,-0.0026214496507344226,0
2018-01-17,0.010021497681439864,0.004249357406256457,0
2018-01-18,0.010021497681439864,-0.0002833400408028627,0
2018-01-19,0.010021497681439864,-0.0020664877929016476,0
2018-01-22,0.010021497681439864,-0.004807606788736193,0
2018-01-23,0.010021497681439864,-0.0068902882916831235,0
2018-01-24,0.011021413940317748,-0.0025236202247329257,0
2018-01-25,0.011021413940317748,-0.0020999178725905525,0
2018-01-26,0.011021413940317748,0.012122780495681126,1
2018-01-30,0.011021413940317748,-0.0018648499566192025,0
2018-01-31,0.011021413940317748,-0.0030515158874065635,0
2018-02-01,0.012839458074475984,0.006213680403347122,0
2018-02-02,0.012839458074475984,0.011859771447254714,0
2018-02-05,0.012839458074475984,0.0021141372264057924,0
2018-02-06,0.012839458074475984,0.008682518046594163,0
2018-02-07,0.012839458074475984,0.010588078776594657,0
2018-02-08,0.017316957658103864,0.0045666098136214195,0
2018-02-09,0.017316957658103864,-0.0045625699119623605,0
2018-02-12,0.017316957658103864,-0.0019348718914174961,0
2018-02-13,0.017316957658103864,-0.011051519041957494,0
2018-02-14,0.017316957658103864,-0.006212729633202109,0
2018-02-15,0.017431496488485954,-0.0023957477996251857,0
2018-02-16,0.017431496488485954,0.0060003668186079575,0
2018-02-20,0.017431496488485954,0.0032475853203220947,0
2018-02-21,0.017431496488485954,-0.0031947693004155007,0
2018-02-22,0.017431496488485954,-0.006782768072265693,0
2018-02-23,0.01607196701940221,-0.0034359032050495283,0
2018-02-26,0.01607196701940221,0.007856113682674304,0
2018-02-27,0.01607196701940221,0.0075470335649138204,0
2018-02-28,0.01607196701940221,0.0065088886332231345,0
2018-03-01,0.01607196701940221,-0.005195158067770651,0
2018-03-02,0.016408767073993184,-0.006474506615916037,0
2018-03-05,0.016408767073993184,-0.00328419164167012,0
2018-03-06,0.016408767073993184,0.004632319840243386,0
2018-03-07,0.016408767073993184,0.003049783912168114,0
2018-03-08,0.016408767073993184,-0.007932818163871804,0
2018-03-09,0.015852288257536346,0.00240855717448497,0
2018-03-12,0.015852288257536346,0.001591025848036972,0
2018-03-13,0.015852288257536346,-0.0006910790282466789,0
2018-03-14,0.015852288257536346,0.0009023233581210777,0
2018-03-15,0.015852288257536346,-0.0019167163588166454,0
2018-03-16,0.013326979932013592,0.0035821904596197575,0
2018-03-19,0.013326979932013592,-0.004220218844967711,0
2018-03-20,0.013326979932013592,-0.005352244393753672,0
2018-03-21,0.013326979932013592,0.0045154083485362045,0
2018-03-22,0.013326979932013592,-0.003915630429730855,0
2018-03-23,0.012963473691904877,-0.0050393691927386785,0
2018-03-26,0.012963473691904877,0.003554922690505629,0
2018-03-27,0.012963473691904877,0.006671968574463248,0
2018-03-28,0.012963473691904877,-0.003083655794311031,0
2018-03-29,0.012963473691904877,0.00738746856188238,0
2018-04-02,0.0137719298989005,-0.001706783826038083,0
2018-04-03,0.0137719298989005,-0.001960649642310623,0
2018-04-04,0.0137719298989005,0.00019733410668471203,0
2018-04-05,0.0137719298989005,0.007699748818340813,0
2018-04-06,0.0137719298989005,-0.006024040615479037,0
2018-04-09,0.013523703015749414,-0.011132390476858527,0
2018-04-10,0.013523703015749414,-0.005854851628894357,0
2018-04-11,0.013523703015749414,0.0008785649496259452,0
2018-04-12,0.013523703015749414,-0.0008241712089030682,0
2018-04-13,0.013523703015749414,0.0015371882984727405,0
2018-04-16,0.013739849835998321,-0.003947886641296633,0
2018-04-17,0.013739849835998321,-0.005563279294329103,0
2018-04-18,0.013739849835998321,0.0027794542964909787,0
2018-04-19,0.013739849835998321,0.004169017754558656,0
2018-04-20,0.013739849835998321,0.0027346212056169076,0
2018-04-23,0.012929674934317752,0.00540007737279152,0
2018-04-24,0.012929674934317752,4.3847666742155155e-05,0
2018-04-25,0.012929674934317752,-0.0011742066558883967,0
2018-04-26,0.012929674934317752,0.00012188057989348083,0
2018-04-27,0.012929674934317752,0.0004563088232267254,0
2018-04-30,0.011417675422799499,0.006272448397309241,0
2018-05-01,0.011417675422799499,0.0010690564491360297,0
2018-05-02,0.011417675422799499,-0.002090112218858469,0
2018-05-03,0.011417675422799499,-0.007244874291148109,0
2018-05-04,0.011417675422799499,-0.0028201022050740095,0
2018-05-07,0.011938746505214225,0.0055533745962501315,0
2018-05-08,0.011938746505214225,-0.0061943737067045365,0
2018-05-09,0.011938746505214225,-0.003992757085407411,0
2018-05-10,0.011938746505214225,0.0005868232682694605,0
2018-05-11,0.011938746505214225,-0.0006770611618848631,0
2018-05-14,0.011632583811773204,0.006087533334902868,0
2018-05-15,0.011632583811773204,0.0007589663918952806,0
2018-05-16,0.011632583811773204,0.0006672553058978695,0
2018-05-17,0.011632583811773204,0.0003978951009562913,0
2018-05-18,0.011632583811773204,-0.0038010661037346715,0
2018-05-21,0.010974306627346487,0.00034162980433839675,0
2018-05-22,0.010974306627346487,-0.00031569809273069487,0
2018-05-23,0.010974306627346487,0.0021762233101985536,0
2018-05-24,0.010974306627346487,0.007702729272101548,0
2018-05-25,0.010974306627346487,0.005942531848310464,0
2018-05-29,0.012020273467082067,-0.00497232076973138,0
2018-05-30,0.012020273467082067,0.0029492488712957164,0
2018-05-31,0.012020273467082067,0.0026587979880921308,0
2018-06-01,0.012020273467082067,0.003744537021093691,0
2018-06-04,0.012020273467082067,-0.004242322052942234,0
2018-06-05,0.011487350847215916,0.001150451433294384,0
2018-06-06,0.011487350847215916,-0.005692866985441664,0
2018-06-07,0.011487350847215916,0.00021612438241812922,0
2018-06-08,0.011487350847215916,-0.0010414095235994716,0
2018-06-11,0.011487350847215916,-0.0002620720104561621,0
2018-06-12,0.010413393790836318,0.00036323924392064346,0
2018-06-13,0.010413393790836318,-0.003975045276801353,0
2018-06-14,0.010413393790836318,0.01428265658961058,1
2018-06-15,0.010413393790836318,-0.0028445472264508652,0
2018-06-18,0.010413393790836318,0.0021548721329341337,0
2018-06-19,0.013232155817274131,-0.0017809408451590837,0
2018-06-20,0.013232155817274131,0.003602770518234534,0
2018-06-21,0.013232155817274131,-0.009972338173143325,0
2018-06-22,0.013232155817274131,0.003281502205346999,0
2018-06-25,0.013232155817274131,-0.00688976842316244,0
2018-06-26,0.01387856231178797,-0.00375349607305032,0
2018-06-27,0.01387856231178797,-0.0006325036681126802,0
2018-06-28,0.01387856231178797,-0.0024410868582723684,0
2018-06-29,0.01387856231178797,-5.137961972951038e-05,0
2018-07-02,0.01387856231178797,-0.0013258889179984035,0
2018-07-03,0.011897948488704712,0.0002713717964833453,0
2018-07-05,0.011897948488704712,-0.0043058369248188625,0
2018-07-06,0.011897948488704712,-0.002951160075682645,0
2018-07-09,0.011897948488704712,-0.0006351902551514809,0
2018-07-10,0.011897948488704712,0.01361392111556029,1
2018-07-11,0.014229055677149254,-0.0010167747794412219,0
2018-07-12,0.014229055677149254,-0.0014157893006098157,0
2018-07-13,0.014229055677149254,0.00903937099170722,0
2018-07-16,0.014229055677149254,0.0007591887819961959,0
2018-07-17,0.014229055677149254,-0.0013984098188224172,0
2018-07-18,0.01338734943939801,-0.0010127090147082811,0
2018-07-19,0.01338734943939801,-0.0032873475740809606,0
2018-07-20,0.01338734943939801,0.007458087326712446,0
2018-07-23,0.01338734943939801,-0.002106953097913325,0
2018-07-24,0.01338734943939801,-0.00501293519840512,0
2018-07-25,0.012967129128951009,3.6620104618191184e-05,0
2018-07-26,0.012967129128951009,0.005722067546820578,0
2018-07-27,0.012967129128951009,-0.002827477481024448,0
2018-07-30,0.012967129128951009,0.001499349324819111,0
2018-07-31,0.012967129128951009,0.005160997343534934,0
2018-08-01,0.012354040897716752,-0.003416984439555652,0
2018-08-02,0.012354040897716752,0.0007095281108972795,0
2018-08-03,0.012354040897716752,-0.000983081539334324,0
2018-08-06,0.012354040897716752,-0.000705588769875989,0
2018-08-07,0.012354040897716752,0.005158060267643734,0
2018-08-08,0.01141837246377176,0.00010814013487952373,0
2018-08-09,0.01141837246377176,-0.00023995734821360927,0
2018-08-10,0.01141837246377176,0.007689096172364756,0
2018-08-13,0.01141837246377176,-0.0010235547715702355,0
2018-08-14,0.01141837246377176,0.01080158512420339,0
2018-08-15,0.01325487778503585,-0.00265274326178099,0
2018-08-16,0.01325487778503585,-0.0026399012272583606,0
2018-08-17,0.01325487778503585,-0.005586657239983807,0
2018-08-20,0.01325487778503585,-0.004802186537869999,0
2018-08-21,0.01325487778503585,-0.0038993978513675634,0
2018-08-22,0.01254830509189295,0.0018683498197315002,0
2018-08-23,0.01254830509189295,-0.006410170125906289,0
2018-08-24,0.01254830509189295,-0.0037843777307509305,0
2018-08-27,0.01254830509189295,0.0010543127446360047,0
2018-08-28,0.01254830509189295,-0.0035681743730051558,0
2018-08-29,0.01187520381469133,-0.0007843085513272744,0
2018-08-30,0.01187520381469133,0.0015570669062485586,0
2018-08-31,0.01187520381469133,0.0027036249110548,0
2018-09-04,0.01187520381469133,0.004030477760281193,0
2018-09-05,0.01187520381469133,0.0017654575861359048,0
2018-09-06,0.011007960600029816,0.002382561943108501,0
2018-09-07,0.011007960600029816,0.001242119538854246,0
2018-09-10,0.011007960600029816,-0.006024030543142683,0
2018-09-11,0.011007960600029816,-0.005068479279079958,0
2018-09-12,0.011007960600029816,0.003967418204681602,0
2018-09-13,0.011176889707186189,-0.0007487454705234968,0
2018-09-14,0.011176889707186189,0.0016021678429115503,0
2018-09-17,0.011176889707186189,-0.003157414673887347,0
2018-09-18,0.011176889707186189,-0.004602534218643109,0
2018-09-19,0.011176889707186189,-0.001253086520914588,0
2018-09-20,0.01039770617271672,-1.234817809664515e-05,0
2018-09-21,0.01039770617271672,-0.002811756899015041,0
2018-09-24,0.01039770617271672,-0.0002443296984371219,0
2018-09-25,0.01039770617271672,0.0028079691668775036,0
2018-09-26,0.01039770617271672,0.00013570207268815597,0
2018-09-27,0.009411856057776287,-0.0028557777141661593,0
2018-09-28,0.009411856057776287,-0.00444880800597704,0
2018-10-01,0.009411856057776287,-0.0023316025829823463,0
2018-10-02,0.009411856057776287,-0.0006343721082547432,0
2018-10-03,0.009411856057776287,0.00917393847851981,0
2018-10-04,0.011068271853548892,0.00016872072942783695,0
2018-10-05,0.011068271853548892,0.002872066826336585,0
2018-10-08,0.011068271853548892,-0.0018697306312057023,0
2018-10-09,0.011068271853548892,0.01084040158902681,0
2018-10-10,0.011068271853548892,0.0033162190753911578,0
2018-10-11,0.01262810736167661,-0.0037247587859309934,0
2018-10-12,0.01262810736167661,-0.0008472569370967366,0
2018-10-15,0.01262810736167661,-0.005325337560780442,0
2018-10-16,0.01262810736167661,0.007485596035639382,0
2018-10-17,0.01262810736167661,0.006551847385000878,0
2018-10-18,0.0134676130227308,-0.00014520567514812456,0
2018-10-19,0.0134676130227308,0.00048620521014211516,0
2018-10-22,0.0134676130227308,0.007406134385687143,0
2018-10-23,0.0134676130227308,0.004844907045369656,0
2018-10-24,0.0134676130227308,-0.0036547071230644667,0
2018-10-25,0.013061467846423334,0.0016564946235611804,0
2018-10-26,0.013061467846423334,0.0039058586580992508,0
2018-10-29,0.013061467846423334,0.0006155006695717836,0
2018-10-30,0.013061467846423334,0.0032012083913445515,0
2018-10-31,0.013061467846423334,-0.0005968571963883961,0
2018-11-01,0.011715698383268419,0.003421574329419966,0
2018-11-02,0.011715698383268419,-0.0008310096509342424,0
2018-11-05,0.011715698383268419,0.0025221347199519675,0
2018-11-06,0.011715698383268419,-0.0032935067496121092,0
2018-11-07,0.011715698383268419,0.004669168955966693,0
2018-11-08,0.011280023351151452,0.006525144939138496,0
2018-11-09,0.011280023351151452,0.00585935134657154,0
2018-11-12,0.011280023351151452,0.01678697957555045,1
2018-11-13,0.011280023351151452,-0.003724692444488369,0
2018-11-14,0.011280023351151452,-0.0038127709213577766,0
2018-11-15,0.016073009368761826,-0.0026037924921933474,0
2018-11-16,0.016073009368761826,5.7113234582207954e-05,0
2018-11-19,0.016073009368761826,0.01574848208486598,0
2018-11-20,0.016073009368761826,-0.004675781136071583,0
2018-11-21,0.016073009368761826,0.01748084591208688,1
2018-11-23,0.02221089046793823,-0.006379081689417516,0
2018-11-26,0.02221089046793823,0.0009735074849492849,0
2018-11-27,0.02221089046793823,-0.0006012363584032634,0
2018-11-28,0.02221089046793823,-0.006308809898625095,0
2018-11-29,0.02221089046793823,0.000223345117440958,0
2018-11-30,0.01852056197440366,-0.011736334628079858,0
2018-12-03,0.01852056197440366,0.0031427253702385927,0
2018-12-04,0.01852056197440366,0.007105058167089755,0
2018-12-06,0.01852056197440366,-0.0020216171987315,0
2018-12-07,0.01852056197440366,0.0057852276053145454,0
2018-12-10,0.017938686243664608,-0.0008853944252062866,0
2018-12-11,0.017938686243664608,0.001598593555595334,0
2018-12-12,0.017938686243664608,-0.006205924395459704,0
2018-12-13,0.017938686243664608,0.009953520194847191,0
2018-12-14,0.017938686243664608,0.008181574307507697,0
2018-12-17,0.0177812892431941,0.013582196958667463,0
2018-12-18,0.0177812892431941,-0.002618918159838198,0
2018-12-19,0.0177812892431941,0.007027725308327873,0
2018-12-20,0.0177812892431941,0.0056326785110140795,0
2018-12-21,0.0177812892431941,0.018188961254892336,1
2018-12-24,0.02225973232786428,-0.02638975096797482,0
2018-12-26,0.02225973232786428,0.004561073497749367,0
2018-12-27,0.02225973232786428,-0.005666140194321939,0
2018-12-28,0.02225973232786428,-0.00269930850986729,0
2018-12-31,0.02225973232786428,-0.006393515900938501,0
2019-01-02,0.02544532499835427,0.0019230936789016917,0
2019-01-03,0.02544532499835427,-0.008662877934081685,0
2019-01-04,0.02544532499835427,-0.0041407244346253385,0
2019-01-07,0.02544532499835427,-0.007207546353158633,0
2019-01-08,0.02544532499835427,-0.011575073538306915,0
2019-01-09,0.02342009116262044,-0.0026859367926807005,0
2019-01-10,0.02342009116262044,0.0036768069606500937,0
2019-01-11,0.02342009116262044,0.005960716538309363,0
2019-01-14,0.02342009116262044,-0.007949850645271369,0
2019-01-15,0.02342009116262044,-0.0009528114366942418,0
2019-01-16,0.020348875879595697,0.00019450669365242684,0
2019-01-17,0.020348875879595697,-0.006915080229341532,0
2019-01-18,0.020348875879595697,0.007004867663589742,0
2019-01-22,0.020348875879595697,-0.000534194877017608,0
2019-01-23,0.020348875879595697,-0.002640212043139643,0
2019-01-24,0.01747249313080709,-0.004850241304405293,0
2019-01-25,0.01747249313080709,0.0054313925814586834,0
2019-01-28,0.01747249313080709,-0.006485617128405495,0
2019-01-29,0.01747249313080709,-0.007321757663155909,0
2019-01-30,0.01747249313080709,-0.0034032481461573156,0
2019-01-31,0.0162094647410822,-0.0034090912497317825,0
2019-02-01,0.0162094647410822,0.0019358548934008386,0
2019-02-04,0.0162094647410822,0.0023880631266875035,0
2019-02-05,0.0162094647410822,0.00016941159609602997,0
2019-02-06,0.0162094647410822,0.007154212845626026,0
2019-02-07,0.014433957206209791,-0.0008834704847860059,0
2019-02-08,0.014433957206209791,0.0026226945353103348,0
2019-02-11,0.014433957206209791,-0.004445417679711881,0
2019-02-12,0.014433957206209791,-0.00432344295105609,0
2019-02-13,0.014433957206209791,-0.0009055987269168607,0
2019-02-14,0.012547294887283717,-0.008066189923772355,0
2019-02-15,0.012547294887283717,-0.006039379648420442,0
2019-02-19,0.012547294887283717,-0.00427980314802106,0
2019-02-20,0.012547294887283717,0.0040705229554623065,0
2019-02-21,0.012547294887283717,-0.003722804955490766,0
2019-02-22,0.01317970299244067,0.006886596182427484,0
2019-02-25,0.01317970299244067,-0.0008311189452568778,0
2019-02-26,0.01317970299244067,-0.003637072686718242,0
2019-02-27,0.01317970299244067,0.0010755923870648942,0
2019-02-28,0.01317970299244067,0.006941542716821845,0
2019-03-01,0.013312233598159586,-0.0008966103833115194,0
2019-03-04,0.013312233598159586,0.0013324124562778467,0
2019-03-05,0.013312233598159586,0.0020403354710673925,0
2019-03-06,0.013312233598159586,-0.0005486286245217553,0
2019-03-07,0.013312233598159586,0.0022431298370124836,0
2019-03-08,0.011431685312114597,-0.0046504267132092955,0
2019-03-11,0.011431685312114597,-0.0030619990164207564,0
2019-03-12,0.011431685312114597,-0.00835954468873101,0
2019-03-13,0.011431685312114597,0.0006591535017510359,0
2019-03-14,0.011431685312114597,-0.0022102009460401428,0
2019-03-15,0.011698253496882133,-0.0023825945168655088,0
2019-03-18,0.011698253496882133,-0.0006488136811396764,0
2019-03-19,0.011698253496882133,-0.0031280678037079184,0
2019-03-20,0.011698253496882133,-0.004706881570160251,0
2019-03-21,0.011698253496882133,0.005605814647188696,0
2019-03-22,0.011406788436748225,0.00023938053716644452,0
2019-03-25,0.011406788436748225,-0.0042344958425125385,0
2019-03-26,0.011406788436748225,0.0035219576082709636,0
2019-03-27,0.011406788436748225,0.0031379809166176367,0
2019-03-28,0.011406788436748225,-0.003945846995569592,0
2019-03-29,0.010940463341253143,-0.0048624650669022145,0
2019-04-01,0.010940463341253143,-0.0034581912886290814,0
2019-04-02,0.010940463341253143,0.0006280882965009699,0
2019-04-03,0.010940463341253143,-9.704523782906192e-05,0
2019-04-04,0.010940463341253143,-0.0039931394555734875,0
2019-04-05,0.010368447216174035,-0.004952985080568636,0
2019-04-08,0.010368447216174035,0.0005253823224620015,0
2019-04-09,0.010368447216174035,-0.004170638090036526,0
2019-04-10,0.010368447216174035,0.006647406137192998,0
2019-04-11,0.010368447216174035,-0.0013922390864557516,0
2019-04-12,0.010887040774843164,0.001204381626783837,0
2019-04-15,0.010887040774843164,0.0007638910893768616,0
2019-04-16,0.010887040774843164,0.0017400640844398565,0
2019-04-17,0.010887040774843164,-0.0017095297935524971,0
2019-04-18,0.010887040774843164,-0.004478664814431203,0
2019-04-22,0.01005254282141302,-0.0035356041871300583,0
2019-04-23,0.01005254282141302,0.0005631480084850253,0
2019-04-24,0.01005254282141302,0.003614164157259607,0
2019-04-25,0.01005254282141302,0.0033583375678205006,0
2019-04-26,0.01005254282141302,0.00031315175849921907,0
2019-04-29,0.0097459521070151,-0.003155727903126175,0
2019-04-30,0.0097459521070151,0.00223673537811793,0
2019-05-01,0.0097459521070151,0.00880948690509049,0
2019-05-02,0.0097459521070151,-0.003607389182559428,0
2019-05-03,0.0097459521070151,-0.0012230990141849454,0
2019-05-06,0.011071458889178331,0.004832589889831344,0
2019-05-07,0.011071458889178331,-0.0008004225270545411,0
2019-05-08,0.011071458889178331,0.0006641704151887991,0
2019-05-09,0.011071458889178331,-0.001247396378382868,0
2019-05-10,0.011071458889178331,0.003426590104199793,0
2019-05-13,0.01045732750905336,-0.002917082931188793,0
2019-05-14,0.01045732750905336,-0.0023237696787976278,0
2019-05-15,0.01045732750905336,-0.002398564520996102,0
2019-05-16,0.01045732750905336,0.0036704078158340593,0
2019-05-17,0.01045732750905336,0.000508081049131749,0
2019-05-20,0.009809549635666756,-0.0005321900143156989,0
2019-05-21,0.009809549635666756,0.01619734499006053,1
2019-05-23,0.009809549635666756,-0.00292607743059595,0
2019-05-24,0.009809549635666756,-7.341037054546008e-05,0
2019-05-28,0.009809549635666756,0.0023529449894606038,0
2019-05-29,0.01402807418947813,0.006139698796812343,0
2019-05-30,0.01402807418947813,0.00978667027051814,0
2019-05-31,0.01402807418947813,-0.0028107903918092895,0
2019-06-03,0.01402807418947813,-0.005764295806124855,0
2019-06-04,0.01402807418947813,0.0043452139199767125,0
2019-06-05,0.014933263535914298,-0.00562786702262165,0
2019-06-06,0.014933263535914298,-0.00951361571201969,0
2019-06-07,0.014933263535914298,0.0044869367218252215,0
2019-06-10,0.014933263535914298,-0.0001878473068922961,0
2019-06-11,0.014933263535914298,0.007025542791363638,0
2019-06-12,0.015389804562701137,-0.00621578496519062,0
2019-06-13,0.015389804562701137,-0.0005675262409634324,0
2019-06-14,0.015389804562701137,0.003407842749089345,0
2019-06-17,0.015389804562701137,-0.011076122887111005,0
2019-06-18,0.015389804562701137,0.0001450912044406549,0
2019-06-19,0.015469901008478875,-0.020461859994943824,0
2019-06-20,0.015469901008478875,-0.0031503237723910916,0
2019-06-21,0.015469901008478875,-0.006123849963880237,0
2019-06-24,0.015469901008478875,0.0014830215547373812,0
2019-06-25,0.015469901008478875,-0.0032239896246827426,0
2019-06-26,0.01880312347927737,-0.0011629644731385629,0
2019-06-27,0.01880312347927737,0.0018653866470378978,0
2019-06-28,0.01880312347927737,0.0002029244589823629,0
2019-07-01,0.01880312347927737,0.007200868327715097,0
2019-07-02,0.01880312347927737,-0.007704300903479599,0
2019-07-03,0.017035620086802247,0.004156284459157738,0
2019-07-05,0.017035620086802247,0.0016442053415359024,0
2019-07-08,0.017035620086802247,-0.0005776425639236705,0
2019-07-09,0.017035620086802247,-0.011461482533341795,0
2019-07-10,0.017035620086802247,0.0012185582956020906,0
2019-07-11,0.016381871573100254,-0.0018564363301222025,0
2019-07-12,0.016381871573100254,0.0010853705422560365,0
2019-07-15,0.016381871573100254,0.0083061922887979,0
2019-07-16,0.016381871573100254,0.002485389812849304,0
2019-07-17,0.016381871573100254,0.0030907704540212725,0
2019-07-18,0.015175219758005596,-1.2624215375305623e-05,0
2019-07-19,0.015175219758005596,-0.002025427724237544,0
2019-07-22,0.015175219758005596,-0.0020348359311921113,0
2019-07-23,0.015175219758005596,0.002534341859884089,0
2019-07-24,0.015175219758005596,0.0023150235512253295,0
2019-07-25,0.0131387116166176,-0.0027937123308929826,0
2019-07-26,0.0131387116166176,-0.0021326843673953044,0
2019-07-29,0.0131387116166176,-0.005296147051593639,0
2019-07-30,0.0131387116166176,9.76075169800512e-05,0
2019-07-31,0.0131387116166176,0.018301477455060767,1
2019-08-01,0.018101997596438088,-0.008768485526181424,0
2019-08-02,0.018101997596438088,0.004704887855769098,0
2019-08-05,0.018101997596438088,-0.0024849371130600396,0
2019-08-06,0.018101997596438088,0.005520970491819137,0
2019-08-07,0.018101997596438088,-0.008007781447999643,0
2019-08-08,0.01752886550041573,-0.005240703600739374,0
2019-08-09,0.01752886550041573,-0.0018954390860695361,0
2019-08-12,0.01752886550041573,-0.009805043411984338,0
2019-08-13,0.01752886550041573,0.010197238328525867,0
2019-08-14,0.01752886550041573,0.0011281369828716943,0
2019-08-15,0.017520551639752885,-0.002329782469644016,0
2019-08-16,0.017520551639752885,-0.004317515479653185,0
2019-08-19,0.017520551639752885,-0.00012129702316765554,0
2019-08-20,0.017520551639752885,0.0009791402504521177,0
2019-08-21,0.017520551639752885,0.00283125281262614,0
2019-08-22,0.015161870183927718,0.004473284822486696,0
2019-08-23,0.015161870183927718,-0.0010479693114500417,0
2019-08-26,0.015161870183927718,-0.006181067766848021,0
2019-08-27,0.015161870183927718,-0.003783851459336439,0
2019-08-28,0.015161870183927718,-0.0038924979200883987,0
2019-08-29,0.014269679198059609,0.006982737464079327,0
2019-08-30,0.014269679198059609,0.003400003119108347,0
2019-09-03,0.014269679198059609,-0.011572594086885768,0
2019-09-04,0.014269679198059609,0.002345235265154149,0
2019-09-05,0.014269679198059609,0.00010813583904201477,0
2019-09-06,0.015118255088534765,-0.002578249797058975,0
2019-09-09,0.015118255088534765,0.004045390087723503,0
2019-09-10,0.015118255088534765,0.0040045614956032574,0
2019-09-11,0.015118255088534765,0.0023486047842494677,0
2019-09-12,0.015118255088534765,0.0030872068314825103,0
2019-09-13,0.013971269727659158,-0.029711483031524166,0
2019-09-16,0.013971269727659158,0.011751632900109221,0
2019-09-17,0.013971269727659158,0.002484722720384606,0
2019-09-18,0.013971269727659158,0.001830942961453214,0
2019-09-19,0.013971269727659158,-0.0015205070895953768,0
2019-09-20,0.02296681565521793,-0.0037811331315816244,0
2019-09-23,0.02296681565521793,0.004713090495661113,0
2019-09-24,0.02296681565521793,0.0061038900041265574,0
2019-09-25,0.02296681565521793,0.0011208365729779982,0
2019-09-26,0.02296681565521793,0.004230621469482819,0
2019-09-27,0.0201740485434009,0.009666905519349959,0
2019-09-30,0.0201740485434009,0.0021618170269964133,0
2019-10-01,0.0201740485434009,0.003416711709262301,0
2019-10-02,0.0201740485434009,-0.0032432049048938217,0
2019-10-03,0.0201740485434009,-0.004671669528658147,0
2019-10-04,0.01842431787959296,0.0027215085577352747,0
2019-10-07,0.01842431787959296,0.0034997157186417017,0
2019-10-08,0.01842431787959296,-0.002115753521336139,0
2019-10-09,0.01842431787959296,-0.0026392421949658585,0
2019-10-10,0.01842431787959296,-0.003850772603707407,0
2019-10-11,0.01594115051010526,0.002269924766814392,0
2019-10-14,0.01594115051010526,0.003833466744805706,0
2019-10-15,0.01594115051010526,-0.003571983949839675,0
2019-10-16,0.01594115051010526,-0.00390993604650747,0
2019-10-17,0.01594115051010526,0.000772704869602775,0
2019-10-18,0.014140630091943808,0.0013881374968318003,0
2019-10-21,0.014140630091943808,-0.002748532962246877,0
2019-10-22,0.014140630091943808,-0.0079153096735866,0
2019-10-23,0.014140630091943808,-0.0025350568452992667,0
2019-10-24,0.014140630091943808,-0.0014753727790356944,0
2019-10-25,0.013560596368880806,0.004290314013141805,0
2019-10-28,0.013560596368880806,0.001091348806276555,0
2019-10-29,0.013560596368880806,-0.0009962981142451449,0
2019-10-30,0.013560596368880806,-0.0005739070596830672,0
2019-10-31,0.013560596368880806,-0.00846275152539139,0
2019-11-01,0.013641407175874675,-0.001096258906995013,0
2019-11-04,0.013641407175874675,0.0032125022381945157,0
2019-11-05,0.013641407175874675,0.0020964182457640867,0
2019-11-06,0.013641407175874675,0.0018301044094978444,0
2019-11-07,0.013641407175874675,0.0007603622762059418,0
2019-11-08,0.012517507141135724,0.002252994746586046,0
2019-11-11,0.012517507141135724,3.962748513825214e-05,0
2019-11-12,0.012517507141135724,-0.0027074420201745695,0
2019-11-13,0.012517507141135724,-0.0013398369163936015,0
2019-11-14,0.012517507141135724,-0.004210247105539269,0
2019-11-15,0.0118799765002765,0.0007758872288274809,0
2019-11-18,0.0118799765002765,0.005660619699311791,0
2019-11-19,0.0118799765002765,-0.006886004255559339,0
2019-11-20,0.0118799765002765,-0.0028552707113366723,0
2019-11-21,0.0118799765002765,0.002620762482021726,0
2019-11-22,0.01282605142255544,-0.000739869084279655,0
2019-11-25,0.01282605142255544,-0.002479734010663017,0
2019-11-26,0.01282605142255544,0.0014466089942984184,0
2019-11-27,0.01282605142255544,0.00987308050440844,0
2019-11-29,0.01282605142255544,-7.183882412118044e-05,0
2019-12-02,0.013937923118846647,-0.0041935171668857196,0
2019-12-03,0.013937923118846647,-0.008171918167472425,0
2019-12-04,0.013937923118846647,-0.00018641555144306124,0
2019-12-05,0.013937923118846647,-0.0018041473303076268,0
2019-12-06,0.013937923118846647,0.0018930636776095585,0
2019-12-09,0.013590343057555649,-0.0008525487303536512,0
2019-12-10,0.013590343057555649,-0.001209889040634983,0
2019-12-11,0.013590343057555649,-0.001953902653969164,0
2019-12-12,0.013590343057555649,-0.006282303418458663,0
2019-12-13,0.013590343057555649,0.00023341067429320187,0
2019-12-16,0.012929241085694203,-0.0026659791786733714,0
2019-12-17,0.012929241085694203,0.0006752077930991209,0
2019-12-18,0.012929241085694203,-0.0021178144087450747,0
2019-12-19,0.012929241085694203,0.001871988068172708,0
2019-12-20,0.012929241085694203,-0.0004808700723760619,0
2019-12-23,0.01194177260383058,-0.004725601984878574,0
2019-12-24,0.01194177260383058,-0.004554703051941793,0
2019-12-26,0.01194177260383058,-0.001123280352486886,0
2019-12-27,0.01194177260383058,-0.00013400964194454682,0
2019-12-30,0.01194177260383058,0.001140221089048442,0
2019-12-31,0.011637670212553576,-0.003972237339107516,0
2020-01-02,0.011637670212553576,-0.008268961974277244,0
2020-01-03,0.011637670212553576,-0.0031996404233715935,0
2020-01-06,0.011637670212553576,0.0013005658675623645,0
2020-01-07,0.011637670212553576,0.012212549613230103,1
2020-01-08,0.015427533808532063,0.00017634548786462875,0
2020-01-09,0.015427533808532063,0.0011853285915146348,0
2020-01-10,0.015427533808532063,0.0031941321956623957,0
2020-01-13,0.015427533808532063,-0.0001744212128583521,0
2020-01-14,0.015427533808532063,-0.0005952950352294284,0
2020-01-15,0.013634578968593644,-0.0037100169081113786,0
2020-01-16,0.013634578968593644,-0.0016802205132739158,0
2020-01-17,0.013634578968593644,0.0015018540398498291,0
2020-01-21,0.013634578968593644,0.005813576888770951,0
2020-01-22,0.013634578968593644,0.0019791436563413862,0
2020-01-23,0.013244999250120881,0.006120428834367766,0
2020-01-24,0.013244999250120881,0.005553904417942409,0
2020-01-27,0.013244999250120881,-0.0015360079230025553,0
2020-01-28,0.013244999250120881,-0.0003469948888832942,0
2020-01-29,0.013244999250120881,0.002059109513527882,0
2020-01-30,0.013236508221979065,0.00466118946912099,0
2020-01-31,0.013236508221979065,0.004054204425064741,0
2020-02-03,0.013236508221979065,0.004107994049633592,0
2020-02-04,0.013236508221979065,-0.006582630729218999,0
2020-02-05,0.013236508221979065,-0.0017117750970115845,0
2020-02-06,0.013646534687556375,0.002520667394851693,0
2020-02-07,0.013646534687556375,0.0009931362277560854,0
2020-02-10,0.013646534687556375,0.00046669851932069564,0
2020-02-11,0.013646534687556375,-0.005980590354373149,0
2020-02-12,0.013646534687556375,-0.0010077482976830305,0
2020-02-13,0.01306937705861673,-0.003709852656663507,0
2020-02-14,0.01306937705861673,-0.0017984249882835308,0
2020-02-18,0.01306937705861673,-0.00572127363676459,0
2020-02-19,0.01306937705861673,-0.003047940292038948,0
2020-02-20,0.01306937705861673,-0.0002241478818705493,0
2020-02-21,0.012728459839134471,0.008411819700138892,0
2020-02-24,0.012728459839134471,0.014520538024469953,1
2020-02-25,0.012728459839134471,0.005842246755981539,0
2020-02-26,0.012728459839134471,0.014840763403917717,1
2020-02-27,0.012728459839134471,0.017015935734167955,1
2020-02-28,0.024709278221254086,-0.022120303786152453,0
2020-03-02,0.024709278221254086,-0.006270293208804653,0
2020-03-03,0.024709278221254086,-0.006659200005563883,0
2020-03-04,0.024709278221254086,0.006616229213023284,0
2020-03-05,0.024709278221254086,0.02059386982645997,0
2020-03-06,0.03189902038295896,0.06714587903972379,1
2020-03-09,0.03189902038295896,-0.02404356192553503,0
2020-03-10,0.03189902038295896,0.023804418213305617,0
2020-03-11,0.03189902038295896,0.03649544305305861,1
2020-03-12,0.03189902038295896,-0.007060649652626937,0
2020-03-13,0.07223544012508987,0.044889547078808836,0
2020-03-16,0.07223544012508987,0.0006937410378189957,0
2020-03-17,0.07223544012508987,0.07843020556020033,1
2020-03-18,0.07223544012508987,-0.04350295631819475,0
2020-03-19,0.07223544012508987,0.0321811345535962,0
2020-03-20,0.11077623695746328,-0.016110269214793027,0
2020-03-23,0.11077623695746328,-0.03492468438336721,0
2020-03-24,0.11077623695746328,-0.0036852072064468755,0
2020-03-25,0.11077623695746328,-0.0003015003466411998,0
2020-03-26,0.11077623695746328,0.015570766768175374,0
2020-03-27,0.08331107342155412,0.005200247567735885,0
2020-03-30,0.08331107342155412,0.005797492124536971,0
2020-03-31,0.08331107342155412,0.010612166586451243,0
2020-04-01,0.08331107342155412,-0.05324670511062295,0
2020-04-02,0.08331107342155412,-0.018665863681468352,0
2020-04-03,0.08188897976103383,-0.000553088385788823,0
2020-04-06,0.08188897976103383,0.022461518088147028,0
2020-04-07,0.08188897976103383,-0.020195826380681778,0
2020-04-08,0.08188897976103383,0.008437938307629348,0
2020-04-09,0.08188897976103383,0.003306489237693235,0
2020-04-13,0.06245834779137906,0.014187737114079385,0
2020-04-14,0.06245834779137906,0.007325164118472812,0
2020-04-15,0.06245834779137906,0.0008829928703349274,0
2020-04-16,0.06245834779137906,0.01654430117984703,0
2020-04-17,0.06245834779137906,-0.07361453850212016,0
2020-04-22,0.09373177434055771,-0.035718569270205176,0
2020-04-23,0.09373177434055771,-0.006338517465028145,0
2020-04-24,0.09373177434055771,0.05499157910231193,0
2020-04-27,0.09373177434055771,0.007329757070251262,0
2020-04-28,0.09373177434055771,-0.044372981644350676,0
2020-04-29,0.10295435775362277,-0.04094280765613937,0
2020-04-30,0.10295435775362277,-0.0067918650236657606,0
2020-05-01,0.10295435775362277,-0.00867241842648684,0
2020-05-04,0.10295435775362277,-0.03756162709121895,0
2020-05-05,0.10295435775362277,0.010431929910852848,0
2020-05-06,0.09110583551517432,-0.003478975197003926,0
2020-05-07,0.09110583551517432,-0.011874969754981752,0
2020-05-08,0.09110583551517432,0.007115603146753656,0
2020-05-11,0.09110583551517432,-0.010176434529856152,0
2020-05-12,0.09110583551517432,0.005148138616274591,0
2020-05-13,0.06490219199133118,-0.022172064354514853,0
2020-05-14,0.06490219199133118,-0.01522587912896284,0
2020-05-15,0.06490219199133118,-0.0183722878852454,0
2020-05-18,0.06490219199133118,-0.005834119669161435,0
2020-05-19,0.06490219199133118,-0.010317555595454744,0
2020-05-20,0.05523510059778949,0.001338481221144873,0
2020-05-21,0.05523510059778949,0.002058074906114901,0
2020-05-22,0.05523510059778949,-0.004047311701825305,0
2020-05-26,0.05523510059778949,0.0039815256599380535,0
2020-05-27,0.05523510059778949,-0.005797841401422551,0
2020-05-28,0.03543529444187643,-0.015755107593129366,0
2020-05-29,0.03543529444187643,-0.0012019223905668712,0
2020-06-01,0.03543529444187643,-0.007570473947349399,0
2020-06-02,0.03543529444187643,-0.002050567918146162,0
2020-06-03,0.03543529444187643,-0.0024717008896258915,0
2020-06-04,0.028221045731297544,-0.012075742407968128,0
2020-06-05,0.028221045731297544,0.0020917780522160855,0
2020-06-08,0.028221045731297544,-0.00471506678461852,0
2020-06-09,0.028221045731297544,-0.004093840381218968,0
2020-06-10,0.028221045731297544,0.02586766292155598,0
2020-06-11,0.039257878250020306,-3.2076750853789106e-05,0
2020-06-12,0.039257878250020306,-0.004495155838481938,0
2020-06-15,0.039257878250020306,-0.012616722251712603,0
2020-06-16,0.039257878250020306,0.003929470551130229,0
2020-06-17,0.039257878250020306,-0.004232636068512363,0
2020-06-18,0.030544990042163225,-0.0054280407165306615,0
2020-06-19,0.030544990042163225,-0.005290273332262991,0
2020-06-22,0.030544990042163225,-0.00391310286318765,0
2020-06-23,0.030544990042163225,0.01704190837637386,0
2020-06-24,0.030544990042163225,-0.0044050144119813905,0
2020-06-25,0.02979460200276733,0.004890290917805056,0
2020-06-26,0.02979460200276733,-0.009629723946317769,0
2020-06-29,0.02979460200276733,-0.0029399395587399488,0
2020-06-30,0.02979460200276733,-0.0010502942127055986,0
2020-07-01,0.02979460200276733,-0.0067675184366271625,0
2020-07-02,0.024649425637484776,-0.003186594691132716,0
2020-07-06,0.024649425637484776,-0.0013280733183389988,0
2020-07-07,0.024649425637484776,-0.003203805460606406,0
2020-07-08,0.024649425637484776,0.007524490761755509,0
2020-07-09,0.024649425637484776,-0.005313016190018024,0
2020-07-10,0.021557643660212348,0.002090557208289651,0
2020-07-13,0.021557643660212348,-0.0041743798078959496,0
2020-07-14,0.021557643660212348,-0.0074441610924187475,0
2020-07-15,0.021557643660212348,0.004024826643015124,0
2020-07-16,0.021557643660212348,-0.00035776326883451637,0
2020-07-17,0.018894451302200622,-0.00461590231337678,0
2020-07-20,0.018894451302200622,-0.009278632405725584,0
2020-07-21,0.018894451302200622,-0.004577820047435289,0
2020-07-22,0.018894451302200622,0.003019597281056511,0
2020-07-23,0.018894451302200622,-0.0010673177736909686,0
2020-07-24,0.018061877052847078,-0.007151764445610867,0
2020-07-27,0.018061877052847078,0.000128087642607536,0
2020-07-28,0.018061877052847078,-0.003892591297052935,0
2020-07-29,0.018061877052847078,0.007185564152804379,0
2020-07-30,0.018061877052847078,-0.006934326140063489,0
2020-07-31,0.01900733831016669,-0.003779920872308596,0
2020-08-03,0.01900733831016669,-0.007968532938029795,0
2020-08-04,0.01900733831016669,-0.006801072429880135,0
2020-08-05,0.01900733831016669,-0.0033362414432354494,0
2020-08-06,0.01900733831016669,0.0078239504149253,0
2020-08-07,0.01978961156942498,-0.003631353725958057,0
2020-08-10,0.01978961156942498,0.013913394135377701,0
2020-08-11,0.01978961156942498,-0.0074365845550538184,0
2020-08-12,0.01978961156942498,-0.0003671101421511083,0
2020-08-13,0.01978961156942498,0.002665835368378317,0
2020-08-14,0.021567051761307136,-0.010520635198343831,0
2020-08-17,0.021567051761307136,-0.002654159685279013,0
2020-08-18,0.021567051761307136,0.0038740442528551657,0
2020-08-19,0.021567051761307136,0.004745410572200386,0
2020-08-20,0.021567051761307136,-0.0002954412668808046,0
2020-08-21,0.019918356970385652,-0.0010455533588604004,0
2020-08-24,0.019918356970385652,-0.0019229654545952599,0
2020-08-25,0.019918356970385652,-0.005816976496204582,0
2020-08-26,0.019918356970385652,0.003841780303461425,0
2020-08-27,0.019918356970385652,-0.005381930086654539,0
2020-08-28,0.01808541232637715,-5.8779303011992736e-05,0
2020-08-31,0.01808541232637715,-0.0032659429605577956,0
2020-09-01,0.01808541232637715,0.006334327373701288,0
2020-09-02,0.01808541232637715,0.009545769315223461,0
2020-09-03,0.01808541232637715,0.011150558247068771,0
2020-09-04,0.023314366676097816,0.02030417119304935,0
2020-09-08,0.023314366676097816,-0.011122450995108463,0
2020-09-09,0.023314366676097816,0.00569568793988765,0
2020-09-10,0.023314366676097816,0.000801605849230594,0
2020-09-11,0.023314366676097816,-0.0038594457476212765,0
2020-09-14,0.02799334300489065,-0.007131534201841994,0
2020-09-15,0.02799334300489065,-0.008514650918362277,0
2020-09-16,0.02799334300489065,0.00039473581342555283,0
2020-09-17,0.02799334300489065,-0.0002528672180568364,0
2020-09-18,0.02799334300489065,0.016250139671527664,0
2020-09-21,0.029802815966782265,-0.001975545845211934,0
2020-09-22,0.029802815966782265,0.008276540469619537,0
2020-09-23,0.029802815966782265,-0.00263773174535775,0
2020-09-24,0.029802815966782265,-0.0021501047086496757,0
2020-09-25,0.029802815966782265,-0.0058640657666596254,0
2020-09-28,0.02417732289280869,0.004348031626735701,0
2020-09-29,0.02417732289280869,-0.006142181068791503,0
2020-09-30,0.02417732289280869,0.004502335955103931,0
2020-10-01,0.02417732289280869,0.011479212122958136,0
2020-10-02,0.02417732289280869,-0.014549589876974904,0
2020-10-05,0.02822295253000516,-0.004938217133484529,0
2020-10-06,0.02822295253000516,0.0034826634214390343,0
2020-10-07,0.02822295253000516,-0.009110655554988184,0
2020-10-08,0.02822295253000516,-0.002004267656222366,0
2020-10-09,0.02822295253000516,0.0012195108710985302,0
2020-10-12,0.022976271154900734,0.0005326054640909062,0
2020-10-13,0.022976271154900734,-0.0029682761651251503,0
2020-10-14,0.022976271154900734,0.0006799277841337118,0
2020-10-15,0.022976271154900734,0.0013603382634293497,0
2020-10-16,0.022976271154900734,0.0031366661370411737,0
2020-10-19,0.018564057106871954,-0.004903692585193332,0
2020-10-20,0.018564057106871954,0.00521007719479916,0
2020-10-21,0.018564057106871954,-0.0013185043359654122,0
2020-10-22,0.018564057106871954,0.00351874655212406,0
2020-10-23,0.018564057106871954,0.009164243368893432,0
2020-10-26,0.020080059765946862,-0.004992157101698914,0
2020-10-27,0.020080059765946862,0.022409895398424688,1
2020-10-28,0.020080059765946862,0.006839926959286289,0
2020-10-29,0.020080059765946862,0.005135502197038433,0
2020-10-30,0.020080059765946862,-0.009164671229054448,0
2020-11-02,0.03005548489659217,-0.009562058470587139,0
2020-11-03,0.03005548489659217,-0.014378146619909118,0
2020-11-04,0.03005548489659217,-0.006752934721441834,0
2020-11-05,0.03005548489659217,0.007475841825014926,0
2020-11-06,0.03005548489659217,-0.008184884841847255,0
2020-11-09,0.029742834438941688,-0.005666578509457446,0
2020-11-10,0.029742834438941688,-0.0005595128789398861,0
2020-11-11,0.029742834438941688,0.0018465992376767502,0
2020-11-12,0.029742834438941688,0.0006508488571661929,0
2020-11-13,0.029742834438941688,-0.008984907099842353,0
2020-11-16,0.024403757920531656,6.673476797354938e-05,0
2020-11-17,0.024403757920531656,0.0016187102700490233,0
2020-11-18,0.024403757920531656,0.0009773507474051227,0
2020-11-19,0.024403757920531656,-0.0024904373455862288,0
2020-11-20,0.024403757920531656,-0.0012455507399616189,0
2020-11-23,0.01859529970549892,-0.007278846708788356,0
2020-11-24,0.01859529970549892,-0.004354044422508368,0
2020-11-25,0.01859529970549892,0.0021053013864541607,0
2020-11-27,0.01859529970549892,0.0016588139034826132,0
2020-11-30,0.01859529970549892,-0.001381223122447521,0
2020-12-01,0.01657842302265896,-0.0068179770011717695,0
2020-12-02,0.01657842302265896,-0.0038714198302419903,0
2020-12-03,0.01657842302265896,-0.004085718741639585,0
2020-12-04,0.01657842302265896,-0.0004596252539542596,0
2020-12-07,0.01657842302265896,-0.00088532737403448,0
2020-12-08,0.015085049738438012,0.00617558331996115,0
2020-12-09,0.015085049738438012,-0.005013190696967129,0
2020-12-10,0.015085049738438012,-0.001004329050729544,0
2020-12-11,0.015085049738438012,0.0005844214449467202,0
2020-12-14,0.015085049738438012,-0.007851081130222315,0
2020-12-15,0.016851899109357325,-0.0015245290657158986,0
2020-12-16,0.016851899109357325,-0.007315856037960864,0
2020-12-17,0.016851899109357325,-0.0030398079555074738,0
2020-12-18,0.016851899109357325,0.007718762413505022,0
2020-12-21,0.016851899109357325,0.004126080258150031,0
2020-12-22,0.01829144041179083,-0.004399555713426238,0
2020-12-23,0.01829144041179083,-0.002078779122628914,0
2020-12-24,0.01829144041179083,0.0008550528392524616,0
2020-12-28,0.01829144041179083,-0.0016768651120317897,0
2020-12-29,0.01829144041179083,-0.003742361251067097,0
2020-12-30,0.015663858541098658,-0.0028991317289200056,0
2020-12-31,0.015663858541098658,0.002090758677519669,0
2021-01-04,0.015663858541098658,-0.01125379861530137,0
2021-01-05,0.015663858541098658,0.001203641323299872,0
2021-01-06,0.015663858541098658,-0.004257415975404914,0
2021-01-07,0.017671051936856835,0.003489235019255088,0
2021-01-08,0.017671051936856835,0.0013773774034939337,0
2021-01-11,0.017671051936856835,-0.002545635036657228,0
2021-01-12,0.017671051936856835,-0.001966572801155608,0
2021-01-13,0.017671051936856835,-0.00015265966012982567,0
2021-01-14,0.015084571219965199,0.00793912646671104,0
2021-01-15,0.015084571219965199,-0.003984101870190639,0
2021-01-19,0.015084571219965199,-0.00769837593818962,0
2021-01-20,0.015084571219965199,0.0010847335999826324,0
2021-01-21,0.015084571219965199,0.003760530979842538,0
2021-01-22,0.017306229298086097,-0.0033994752984112535,0
2021-01-25,0.017306229298086097,0.0018076410052599936,0
2021-01-26,0.017306229298086097,0.004409374731295987,0
2021-01-27,0.017306229298086097,0.002232642023785575,0
2021-01-28,0.017306229298086097,0.003522040920273582,0
2021-01-29,0.016276403324989017,-0.010060327558201682,0
2021-02-01,0.016276403324989017,-0.002527731813748482,0
2021-02-02,0.016276403324989017,-0.0027731633190526015,0
2021-02-03,0.016276403324989017,0.0007067076450403844,0
2021-02-04,0.016276403324989017,-0.003731405322335771,0
2021-02-05,0.016331176843548883,-0.009133566040435066,0
2021-02-08,0.016331176843548883,-0.0017216967619716962,0
2021-02-09,0.016331176843548883,-0.00320802324235801,0
2021-02-10,0.016331176843548883,0.0030185137171054107,0
2021-02-11,0.016331176843548883,-0.004266570642087361,0
2021-02-12,0.01640167586052827,0.0023069485021887763,0
2021-02-16,0.01640167586052827,-8.890514115698663e-05,0
2021-02-17,0.01640167586052827,0.0034181703036182502,0
2021-02-18,0.01640167586052827,0.004453902049823095,0
2021-02-19,0.01640167586052827,-0.009595939202163261,0
2021-02-22,0.018200137449787525,-0.0014014778102871023,0
2021-02-23,0.018200137449787525,-0.005817467272683388,0
2021-02-24,0.018200137449787525,0.008810510641701136,0
2021-02-25,0.018200137449787525,0.011127901213871352,0
2021-02-26,0.018200137449787525,0.0001568787167967019,0
2021-03-01,0.021596268541346914,0.0036270933119829088,0
2021-03-02,0.021596268541346914,0.00014263962880654716,0
2021-03-03,0.021596268541346914,-0.0021145427938720545,0
2021-03-04,0.021596268541346914,-0.00890106083741118,0
2021-03-05,0.021596268541346914,0.0081453950146767,0
2021-03-08,0.0215123045434576,-0.0038738809901484816,0
2021-03-09,0.0215123045434576,-0.004308304560866491,0
2021-03-10,0.0215123045434576,-0.0074088725590853236,0
2021-03-11,0.0215123045434576,0.0018164496409013814,0
2021-03-12,0.0215123045434576,-0.0013553052550669433,0
2021-03-15,0.01844097473217523,0.0023712847339376997,0
2021-03-16,0.01844097473217523,0.001221461664689396,0
2021-03-17,0.01844097473217523,0.017016274492842362,0
2021-03-18,0.01844097473217523,-0.004412909135876063,0
2021-03-19,0.01844097473217523,-0.001472391714854453,0
2021-03-22,0.023429157283350457,0.013932461184106466,0
2021-03-23,0.023429157283350457,-0.010058128957904072,0
2021-03-24,0.023429157283350457,0.009355747661709324,0
2021-03-25,0.023429157283350457,-0.010923439114599691,0
2021-03-26,0.023429157283350457,0.0010765353110254456,0
2021-03-29,0.02758390290847883,0.007728208499248011,0
2021-03-30,0.02758390290847883,0.0014916465392586088,0
2021-03-31,0.02758390290847883,-0.012396687688939326,0
2021-04-01,0.02758390290847883,0.006298141373981152,0
2021-04-05,0.02758390290847883,-0.005614599948321801,0
2021-04-06,0.026022906898605834,-0.0024219780783912015,0
2021-04-07,0.026022906898605834,-0.0028594014062695984,0
2021-04-08,0.026022906898605834,0.0007674076258649741,0
2021-04-09,0.026022906898605834,0.0005332857878411482,0
2021-04-12,0.026022906898605834,-0.005049197283332653,0
2021-04-13,0.020260205466734234,-0.007932294981048181,0
2021-04-14,0.020260205466734234,-0.008483414792029482,0
2021-04-15,0.020260205466734234,-0.00043124316855722904,0
2021-04-16,0.020260205466734234,0.001604245429709315,0
2021-04-19,0.020260205466734234,0.001604663436908903,0
2021-04-20,0.018825502917359755,9.821970336258245e-05,0
2021-04-21,0.018825502917359755,0.0025864402142362127,0
2021-04-22,0.018825502917359755,-0.003355800845418378,0
2021-04-23,0.018825502917359755,-0.0008984225334210676,0
2021-04-26,0.018825502917359755,-0.0021984074887065603,0
2021-04-27,0.015623444189662456,-0.0025983692811708497,0
2021-04-28,0.015623444189662456,-0.004743914745254685,0
2021-04-29,0.015623444189662456,0.0059531934188654725,0
2021-04-30,0.015623444189662456,-0.0047954016747937585,0
2021-05-03,0.015623444189662456,-0.00141711612726124,0
2021-05-04,0.016268521245731953,-0.00036737295939531155,0
2021-05-05,0.016268521245731953,-0.002261976153130232,0
2021-05-06,0.016268521245731953,-0.004843189675256902,0
2021-05-07,0.016268521245731953,4.895344803317048e-05,0
2021-05-10,0.016268521245731953,0.001639381033272239,0
2021-05-11,0.01471147574943539,0.004262546341378549,0
2021-05-12,0.01471147574943539,0.004829794719590441,0
2021-05-13,0.01471147574943539,-0.009719696448220277,0
2021-05-14,0.01471147574943539,-0.006437197250347457,0
2021-05-17,0.01471147574943539,0.003939636766654097,0
2021-05-18,0.018932924465241866,0.0052580401849286855,0
2021-05-19,0.018932924465241866,0.0020389574718000575,0
2021-05-20,0.018932924465241866,-0.005103489794842608,0
2021-05-21,0.018932924465241866,-0.00993701193707104,0
2021-05-24,0.018932924465241866,-0.002310754286636601,0
2021-05-25,0.01970021992522274,-0.001471955213013543,0
2021-05-26,0.01970021992522274,-0.00029309972713028947,0
2021-05-27,0.01970021992522274,0.0007298464811596407,0
2021-05-28,0.01970021992522274,-0.0047345663625870706,0
2021-06-01,0.01970021992522274,-0.0040040105053729975,0
2021-06-02,0.016837594198158563,0.00526489461969497,0
2021-06-03,0.016837594198158563,-0.0059158473666204225,0
2021-06-04,0.016837594198158563,0.00011760436134836751,0
2021-06-07,0.016837594198158563,-0.002893199393747527,0
2021-06-08,0.016837594198158563,0.00023266170168175448,0
2021-06-09,0.015873070225548017,-0.0028348594497673695,0
2021-06-10,0.015873070225548017,8.506047537446709e-05,0
2021-06-11,0.015873070225548017,0.00280550469864282,0
2021-06-14,0.015873070225548017,-0.0022774249398213042,0
2021-06-15,0.015873070225548017,0.00175464394380687,0
2021-06-16,0.014564907624017307,0.014090325855533166,0
2021-06-17,0.014564907624017307,0.0018729482469786996,0
2021-06-18,0.014564907624017307,-0.008598743571715637,0
2021-06-21,0.014564907624017307,0.00021341779357597233,0
2021-06-22,0.014564907624017307,-0.0005187850815277044,0
2021-06-23,0.019709649794777465,-0.0009123868205933237,0
2021-06-24,0.019709649794777465,-0.002348544858977908,0
2021-06-25,0.019709649794777465,0.0014792667479921002,0
2021-06-28,0.019709649794777465,0.0017675084154552966,0
2021-06-29,0.019709649794777465,-0.0023685306018710055,0
2021-06-30,0.01667176089358563,-0.005447246667347592,0
2021-07-01,0.01667176089358563,-0.0026106676512457974,0
2021-07-02,0.01667176089358563,0.0026588787456198687,0
2021-07-06,0.01667176089358563,0.0017339154428560326,0
2021-07-07,0.01667176089358563,-9.51242664947575e-05,0
2021-07-08,0.01546734336095812,-0.007701716122994856,0
2021-07-09,0.01546734336095812,0.0007289578527640353,0
2021-07-12,0.01546734336095812,-0.0020567407597661992,0
2021-07-13,0.01546734336095812,0.004502151002546213,0
2021-07-14,0.01546734336095812,0.002472027029833669,0
2021-07-15,0.016548099528528096,0.002992035651239625,0
2021-07-16,0.016548099528528096,0.017704898903785272,1
2021-07-19,0.016548099528528096,-0.005645503517220249,0
2021-07-20,0.016548099528528096,-0.007799340675936284,0
2021-07-21,0.016548099528528096,-0.005771176524743209,0
2021-07-22,0.025271565958130723,-0.0014177524550906995,0
2021-07-23,0.025271565958130723,0.00039332242856415203,0
2021-07-26,0.025271565958130723,0.0001459183853140917,0
2021-07-27,0.025271565958130723,-0.0024476497704731754,0
2021-07-28,0.025271565958130723,-0.007475003362324626,0
2021-07-29,0.020760593077107918,0.0008773100966290195,0
2021-07-30,0.020760593077107918,0.006735375820404317,0
2021-08-02,0.020760593077107918,0.001043362233996694,0
2021-08-03,0.020760593077107918,0.007973506391173023,0
2021-08-04,0.020760593077107918,-0.00207017966507366,0
2021-08-05,0.020473471494989647,0.008288468612306362,0
2021-08-06,0.020473471494989647,0.01162408201043969,0
2021-08-09,0.020473471494989647,-0.005631455459584605,0
2021-08-10,0.020473471494989647,-0.0054952786229373034,0
2021-08-11,0.020473471494989647,-0.0003156394189565561,0
2021-08-12,0.022343146934361995,-0.002454619246002978,0
2021-08-13,0.022343146934361995,0.00011576389328174269,0
2021-08-16,0.022343146934361995,0.00407343579379683,0
2021-08-17,0.022343146934361995,0.007263464888442584,0
2021-08-18,0.022343146934361995,0.00505595248515029,0
2021-08-19,0.020838542344200482,0.0032814157448274976,0
2021-08-20,0.020838542344200482,-0.014965305503961322,0
2021-08-23,0.020838542344200482,-0.006528487621916048,0
2021-08-24,0.020838542344200482,-0.0002798742277395406,0
2021-08-25,0.020838542344200482,0.003128452098980811,0
2021-08-26,0.02249541491803902,-0.008680062770452027,0
2021-08-27,0.02249541491803902,-0.002499486485305544,0
2021-08-30,0.02249541491803902,0.002080939745006417,0
2021-08-31,0.02249541491803902,-0.00042753629359381653,0
2021-09-01,0.02249541491803902,-0.0048797402892984615,0
2021-09-02,0.019480271965833643,-0.0004844522827939874,0
2021-09-03,0.019480271965833643,0.008083984685938999,0
2021-09-07,0.019480271965833643,-0.0019339735505238685,0
2021-09-08,0.019480271965833643,0.0034020790678700075,0
2021-09-09,0.019480271965833643,-0.0016472212595321663,0
2021-09-10,0.018411625407199324,-0.002809114396432213,0
2021-09-13,0.018411625407199324,-0.0010391465081865542,0
2021-09-14,0.018411625407199324,-0.005872256268387745,0
2021-09-15,0.018411625407199324,0.004951525312265429,0
2021-09-16,0.018411625407199324,0.005668351009681282,0
2021-09-17,0.018748687082512403,0.006364678191724472,0
2021-09-20,0.018748687082512403,-0.0020948971483862847,0
2021-09-21,0.018748687082512403,-0.0067157114191253,0
2021-09-22,0.018748687082512403,0.000358012375023638,0
2021-09-23,0.018748687082512403,-0.002660762743977419,0
2021-09-24,0.017883902981452596,-0.002583407631598524,0
2021-09-27,0.017883902981452596,0.007381305625377886,0
2021-09-28,0.017883902981452596,0.0025368418878411797,0
2021-09-29,0.017883902981452596,-0.0008140635002216764,0
2021-09-30,0.017883902981452596,-0.005078422103657433,0
2021-10-01,0.017974277207563977,-0.00328794786111594,0
2021-10-04,0.017974277207563977,-0.004260668693377934,0
2021-10-05,0.017974277207563977,0.003249487801230124,0
2021-10-06,0.017974277207563977,-0.0020874386562929554,0
2021-10-07,0.017974277207563977,-0.0017387463976359357,0
2021-10-08,0.016618786604147052,-0.0009745029743747232,0
2021-10-11,0.016618786604147052,-0.0009315430055287105,0
2021-10-12,0.016618786604147052,-0.004135192569744741,0
2021-10-13,0.016618786604147052,-0.007472578444082948,0
2021-10-14,0.016618786604147052,0.0005842477838728481,0
2021-10-15,0.016684260506726604,-0.0006061857329618706,0
2021-10-18,0.016684260506726604,-0.0028574853966601543,0
2021-10-19,0.016684260506726604,-0.004758005056538144,0
2021-10-20,0.016684260506726604,0.0031522994598540926,0
2021-10-21,0.016684260506726604,-0.004415871212483489,0
2021-10-22,0.01647749761682939,-0.002612656288531897,0
2021-10-25,0.01647749761682939,-0.0007561299276115938,0
2021-10-26,0.01647749761682939,0.0043061038115103575,0
2021-10-27,0.01647749761682939,-0.002239515703801103,0
2021-10-28,0.01647749761682939,-0.001662570089030149,0
2021-10-29,0.015801891104807494,-0.0006575690237965212,0
2021-11-01,0.015801891104807494,-0.0009163538146267449,0
2021-11-02,0.015801891104807494,0.009919231035993297,0
2021-11-03,0.015801891104807494,-0.0007121198653979789,0
2021-11-04,0.015801891104807494,-0.00953504133108275,0
2021-11-05,0.020573942315940282,-0.002370143147747387,0
2021-11-08,0.020573942315940282,-0.006261720878309551,0
2021-11-09,0.020573942315940282,0.008200708670667696,0
2021-11-10,0.020573942315940282,0.00014001687964866784,0
2021-11-11,0.020573942315940282,0.00022054193534350067,0
2021-11-12,0.019649173754177938,0.0009193372840230842,0
2021-11-15,0.019649173754177938,0.0023631539756818814,0
2021-11-16,0.019649173754177938,0.004906015969015553,0
2021-11-17,0.019649173754177938,-0.0015173926002144012,0
2021-11-18,0.019649173754177938,0.0074679097875329885,0
2021-11-19,0.02002815114564636,0.0069885066222017365,0
2021-11-22,0.02002815114564636,-0.0009100305731267872,0
2021-11-23,0.02002815114564636,-0.0009100374076256784,0
2021-11-24,0.02002815114564636,0.03052396096155906,1
2021-11-26,0.02002815114564636,-0.00853417877251392,0
2021-11-29,0.04050400412136027,0.01468796354496385,0
2021-11-30,0.04050400412136027,0.0023010457826405724,0
2021-12-01,0.04050400412136027,-0.002653588849068878,0
2021-12-02,0.04050400412136027,-0.0009218485560974271,0
2021-12-03,0.04050400412136027,-0.010321857362023902,0
2021-12-06,0.03403160191848223,-0.010825325646783044,0
2021-12-07,0.03403160191848223,-0.000741381771119803,0
2021-12-08,0.03403160191848223,0.0046691075346683,0
2021-12-09,0.03403160191848223,-0.004096636668705649,0
2021-12-10,0.03403160191848223,0.0012385456979323085,0
2021-12-13,0.027410023313815354,0.00567850823902659,0
2021-12-14,0.027410023313815354,-0.002033245253754098,0
2021-12-15,0.027410023313815354,-0.007385945011828083,0
2021-12-16,0.027410023313815354,0.004297373000815919,0
2021-12-17,0.027410023313815354,0.012755667348040331,0
2021-12-20,0.028556047554092783,-0.010981685133110118,0
2021-12-21,0.028556047554092783,-0.008480684773471001,0
2021-12-22,0.028556047554092783,-0.00542982266280209,0
2021-12-23,0.028556047554092783,-0.00716126684688605,0
2021-12-27,0.028556047554092783,-0.001179416885139745,0
2021-12-28,0.026012065438462097,5.831561395591906e-05,0
2021-12-29,0.026012065438462097,-0.0028232336983115836,0
2021-12-30,0.026012065438462097,0.004423175350392936,0
2021-12-31,0.026012065438462097,0.0005442006898403406,0
2022-01-03,0.026012065438462097,-0.002506650066271865,0
2022-01-04,0.021391959398375338,0.0017042528908880594,0
2022-01-05,0.021391959398375338,3.889699012327364e-05,0
2022-01-06,0.021391959398375338,0.00224956578191587,0
2022-01-07,0.021391959398375338,0.000883522636802017,0
2022-01-10,0.021391959398375338,-0.011622634895427603,0
2022-01-11,0.022472286849024206,-0.005643680954370888,0
2022-01-12,0.022472286849024206,0.002834972705401371,0
2022-01-13,0.022472286849024206,-0.002634371105947765,0
2022-01-14,0.022472286849024206,0.002699519719715443,0
2022-01-18,0.022472286849024206,-0.004032493107595813,0
2022-01-19,0.019606399760623748,0.0017521804368452,0
2022-01-20,0.019606399760623748,0.008444736831546569,0
2022-01-21,0.019606399760623748,0.0024019877319582414,0
2022-01-24,0.019606399760623748,-0.0035928368673887002,0
2022-01-25,0.019606399760623748,0.000500279323116205,0
2022-01-26,0.01971570841927908,0.007065635868830399,0
2022-01-27,0.01971570841927908,-0.003094959768415828,0
2022-01-28,0.01971570841927908,-0.008006955789305152,0
2022-01-31,0.01971570841927908,-0.0031814068178426394,0
2022-02-01,0.01971570841927908,-0.004194790398631169,0
2022-02-02,0.020106875196555293,0.0015160095005739842,0
2022-02-03,0.020106875196555293,-0.006745787898450887,0
2022-02-04,0.020106875196555293,0.0009616078893125454,0
2022-02-07,0.020106875196555293,0.0028693498233345856,0
2022-02-08,0.020106875196555293,-0.004383181659069001,0
2022-02-09,0.018689213370047506,0.0048986861907577865,0
2022-02-10,0.018689213370047506,-0.005666854424016245,0
2022-02-11,0.018689213370047506,-0.004893983560907815,0
2022-02-14,0.018689213370047506,0.00715613548622745,0
2022-02-15,0.018689213370047506,-0.006562463119580379,0
2022-02-16,0.02065307958161626,0.003751341812442411,0
2022-02-17,0.02065307958161626,0.00267527794789805,0
2022-02-18,0.02065307958161626,-0.0005206976189168944,0
2022-02-22,0.02065307958161626,0.004635636837733138,0
2022-02-23,0.02065307958161626,-0.006219158382034104,0
2022-02-24,0.019484130202573762,0.00437117464895734,0
2022-02-25,0.019484130202573762,-0.011782914444388469,0
2022-02-28,0.019484130202573762,-0.01937439790747015,0
2022-03-01,0.019484130202573762,-0.010394624063187202,0
2022-03-02,0.019484130202573762,0.004530102072775145,0
2022-03-03,0.03040508318362241,-0.01706111849755217,0
2022-03-04,0.03040508318362241,0.0011097793731112676,0
2022-03-07,0.03040508318362241,-0.008733925920049974,0
2022-03-08,0.03040508318362241,0.026797351760233026,0
2022-03-09,0.03040508318362241,0.0023515363220875532,0
2022-03-10,0.042275661704526166,-0.000853171764054464,0
2022-03-11,0.042275661704526166,0.019783527389346314,0
2022-03-14,0.042275661704526166,0.012032281538336558,0
2022-03-15,0.042275661704526166,0.0004321048328932318,0
2022-03-16,0.042275661704526166,-0.022615517500473244,0
2022-03-17,0.04637089483117718,-0.006185391750580893,0
2022-03-18,0.04637089483117718,-0.010009127267346504,0
2022-03-21,0.04637089483117718,0.0007850367899537242,0
2022-03-22,0.04637089483117718,-0.006340630578372519,0
2022-03-23,0.04637089483117718,0.0006867578731824323,0
2022-03-24,0.03306525804792928,-0.0009682811391004517,0
2022-03-25,0.03306525804792928,0.0145384756472664,0
2022-03-28,0.03306525804792928,0.0024910111029649877,0
2022-03-29,0.03306525804792928,-0.010280710386522847,0
2022-03-30,0.03306525804792928,0.01440067187340537,0
2022-03-31,0.035600757424219885,0.00737257743693078,0
2022-04-01,0.035600757424219885,-0.009996842074325813,0
2022-04-04,0.035600757424219885,0.009447669567815772,0
2022-04-05,0.035600757424219885,0.01596254619726026,0
2022-04-06,0.035600757424219885,-0.0013853342072082217,0
2022-04-07,0.03504054073728156,-0.0032365626547349946,0
2022-04-08,0.03504054073728156,0.011967437095110419,0
2022-04-11,0.03504054073728156,-0.015944215354043056,0
2022-04-12,0.03504054073728156,-0.00973718340351649,0
2022-04-13,0.03504054073728156,-0.001135512904887885,0
2022-04-14,0.03404264836357255,-0.001436570981253257,0
2022-04-18,0.03404264836357255,0.01224447537439206,0
2022-04-19,0.03404264836357255,-0.0016891891728209659,0
2022-04-20,0.03404264836357255,0.001801212944526557,0
2022-04-21,0.03404264836357255,0.010576837055464746,0
2022-04-22,0.030723326944090933,0.009021935453891614,0
2022-04-25,0.030723326944090933,-0.0009978876037963448,0
2022-04-26,0.030723326944090933,0.0030291151468507587,0
2022-04-27,0.030723326944090933,-0.009668268863324118,0
2022-04-28,0.030723326944090933,0.008531819815573006,0
2022-04-29,0.028251894919971196,0.0038835490847081993,0
2022-05-02,0.028251894919971196,0.00387920979178805,0
2022-05-03,0.028251894919971196,-0.01762918966259075,0
2022-05-04,0.028251894919971196,0.005917798905590646,0
2022-05-05,0.028251894919971196,0.00030899469767100055,0
2022-05-06,0.028904025170710966,0.02031301609379431,0
2022-05-09,0.028904025170710966,0.006633208871607424,0
2022-05-10,0.028904025170710966,-0.010249062778536594,0
2022-05-11,0.028904025170710966,0.0023288934445477223,0
2022-05-12,0.028904025170710966,-0.00736894000153878,0
2022-05-13,0.031836926635448896,-0.00772989646254794,0
2022-05-16,0.031836926635448896,-0.0005499096719261301,0
2022-05-17,0.031836926635448896,0.010065257853954866,0
2022-05-18,0.031836926635448896,-0.0056101462410273984,0
2022-05-19,0.031836926635448896,-0.0048495516988495265,0
2022-05-20,0.0273816385507905,0.002324540813763855,0
2022-05-23,0.0273816385507905,-0.0031173849542274925,0
2022-05-24,0.0273816385507905,-0.0022823879468026067,0
2022-05-25,0.0273816385507905,-0.009742186915066012,0
2022-05-26,0.0273816385507905,-0.008173465841551006,0
2022-05-27,0.02498792659831484,0.004230521625015771,0
2022-05-31,0.02498792659831484,0.002273332685416461,0
2022-06-01,0.02498792659831484,-0.007725656480605261,0
2022-06-02,0.02498792659831484,0.0007554083317355682,0
2022-06-03,0.02498792659831484,0.0026433707931291213,0
2022-06-06,0.02128020147901466,-0.004483401000647011,0
2022-06-07,0.02128020147901466,-0.002166867275169829,0
2022-06-08,0.02128020147901466,0.005958901861736231,0
2022-06-09,0.02128020147901466,0.00867660572525892,0
2022-06-10,0.02128020147901466,0.0182156027135795,0
2022-06-13,0.031390111365986156,0.00916131369496936,0
2022-06-14,0.031390111365986156,-0.0006157135065144423,0
2022-06-15,0.031390111365986156,-0.002227978577049411,0
2022-06-16,0.031390111365986156,0.013017843310228518,0
2022-06-17,0.031390111365986156,-0.005171741691875816,0
2022-06-21,0.02932638627417003,0.005784092775816962,0
2022-06-22,0.02932638627417003,0.0009684305793243512,0
2022-06-23,0.02932638627417003,-0.010887765574694841,0
2022-06-24,0.02932638627417003,-0.0021245097542617,0
2022-06-27,0.02932638627417003,-5.2013494562303496e-05,0
2022-06-28,0.024381672465505183,0.0036208809449299827,0
2022-06-29,0.024381672465505183,0.010219273211226702,0
2022-06-30,0.024381672465505183,-0.009235720678301975,0
2022-07-01,0.024381672465505183,0.021156956402929104,0
2022-07-05,0.024381672465505183,0.009422099014173995,0
2022-07-06,0.03617529527534199,-0.009040428443213087,0
2022-07-07,0.03617529527534199,-0.002571342559104858,0
2022-07-08,0.03617529527534199,0.003383888079320623,0
2022-07-11,0.03617529527534199,0.021026632583011677,0
2022-07-12,0.03617529527534199,-0.001894561896258677,0
2022-07-13,0.03657665415702505,0.006256613239613307,0
2022-07-14,0.03657665415702505,-0.007843618314498906,0
2022-07-15,0.03657665415702505,-0.009949719075445396,0
2022-07-18,0.03657665415702505,-0.00872346656069304,0
2022-07-19,0.03657665415702505,0.0023582571383715845,0
2022-07-20,0.030107443696900514,0.007083185111816488,0
2022-07-21,0.030107443696900514,0.0006272030620502918,0
2022-07-22,0.030107443696900514,-0.002382783560282189,0
2022-07-25,0.030107443696900514,0.00550162697422777,0
2022-07-26,0.030107443696900514,-0.008600459276807127,0
2022-07-27,0.025898052972085025,-0.007811714030340775,0
2022-07-28,0.025898052972085025,-0.00851182120148191,0
2022-07-29,0.025898052972085025,0.008226235193694979,0
2022-08-01,0.025898052972085025,0.0017205304848159257,0
2022-08-02,0.025898052972085025,0.00775468650381482,0
2022-08-03,0.025295391088617447,0.00039811444191763603,0
2022-08-04,0.025295391088617447,0.002165200726998498,0
2022-08-05,0.025295391088617447,-0.0048757547711737815,0
2022-08-08,0.025295391088617447,0.0006914950439411534,0
2022-08-09,0.025295391088617447,-0.007848792043595761,0
2022-08-10,0.0215185229997967,-0.004850948005252979,0
2022-08-11,0.0215185229997967,-0.0007010111065003724,0
2022-08-12,0.0215185229997967,0.007573286983814663,0
2022-08-15,0.0215185229997967,0.009176976134150878,0
2022-08-16,0.0215185229997967,0.00047578999579571575,0
2022-08-17,0.022149437789573945,-0.005811845074534158,0
2022-08-18,0.022149437789573945,0.006391396187909647,0
2022-08-19,0.022149437789573945,0.009049257525761665,0
2022-08-22,0.022149437789573945,-0.006247201918055673,0
2022-08-23,0.022149437789573945,-0.003017727992504921,0
2022-08-24,0.022247593262541537,-0.00019092539825568602,0
2022-08-25,0.022247593262541537,0.008354101625895278,0
2022-08-26,0.022247593262541537,-0.005237936105251224,0
2022-08-29,0.022247593262541537,0.013705212769500427,0
2022-08-30,0.022247593262541537,0.008004387957557098,0
2022-08-31,0.027599585193486386,0.00929600579193353,0
2022-09-01,0.027599585193486386,0.0006272754467126205,0
2022-09-02,0.027599585193486386,0.004143211760233178,0
2022-09-06,0.027599585193486386,0.0061183500843191765,0
2022-09-07,0.027599585193486386,-0.005556872147995234,0
2022-09-08,0.024509642877815797,-0.011968511259945478,0
2022-09-09,0.024509642877815797,-0.006456945366567047,0
2022-09-12,0.024509642877815797,0.012582841504061991,0
2022-09-13,0.024509642877815797,0.0004941298540728821,0
2022-09-14,0.024509642877815797,0.014415365968061575,0
2022-09-15,0.03132456178981311,0.0004148331473063395,0
2022-09-16,0.03132456178981311,-0.002271334922215047,0
2022-09-19,0.03132456178981311,0.007156906987431842,0
2022-09-20,0.03132456178981311,0.006851746895612884,0
2022-09-21,0.03132456178981311,0.00549461700979161,0
2022-09-22,0.026451778503367454,0.017799230719545728,0
2022-09-23,0.026451778503367454,0.016454229207066844,0
2022-09-26,0.026451778503367454,-0.0018659746996495434,0
2022-09-27,0.026451778503367454,-0.02096917796216439,0
2022-09-28,0.026451778503367454,0.005364536598034613,0
2022-09-29,0.03911611685634851,0.0049323560810126945,0
2022-09-30,0.03911611685634851,-0.020509423934995444,0
2022-10-03,0.03911611685634851,-0.017338674234064506,0
2022-10-04,0.03911611685634851,-0.002481878398770155,0
2022-10-05,0.03911611685634851,0.0030371205256189233,0
2022-10-06,0.0380696436869829,0.0011978733919390978,0
2022-10-07,0.0380696436869829,0.011020973222569341,0
2022-10-10,0.0380696436869829,0.0038973696644329114,0
2022-10-11,0.0380696436869829,0.005925010438381198,0
2022-10-12,0.0380696436869829,-0.008583012081462109,0
2022-10-13,0.031554591756559794,0.016451565184468993,0
2022-10-14,0.031554591756559794,-0.006698122178647813,0
2022-10-17,0.031554591756559794,0.0022774769197217823,0
2022-10-18,0.031554591756559794,-0.0007737336851355026,0
2022-10-19,0.031554591756559794,0.003674094132593952,0
2022-10-20,0.028380754411557643,-0.0056821757209818856,0
2022-10-21,0.028380754411557643,-0.002370957977091177,0
2022-10-24,0.028380754411557643,-0.00847988812980054,0
2022-10-25,0.028380754411557643,-0.008421610210228223,0
2022-10-26,0.028380754411557643,-0.0049946319107939605,0
2022-10-27,0.02504996948605508,0.003864822109736538,0
2022-10-28,0.02504996948605508,0.006255814021555169,0
2022-10-31,0.02504996948605508,-0.003074742921918752,0
2022-11-01,0.02504996948605508,0.0018333866255166847,0
2022-11-02,0.02504996948605508,0.010649642104589338,0
2022-11-03,0.024925166373108418,-0.016258749860106433,0
2022-11-04,0.024925166373108418,-0.003547134742584524,0
2022-11-07,0.024925166373108418,-0.0020720511376645994,0
2022-11-08,0.024925166373108418,0.009564410973689676,0
2022-11-09,0.024925166373108418,-0.020141590804974116,0
2022-11-10,0.036277186995741,-0.012304683716739588,0
2022-11-11,0.036277186995741,0.0058295018835872155,0
2022-11-14,0.036277186995741,-0.005486800442338544,0
2022-11-15,0.036277186995741,0.0026175767081167015,0
2022-11-16,0.036277186995741,0.012097336033068288,0
2022-11-17,0.03278545173030753,0.0052700570379465555,0
2022-11-18,0.03278545173030753,0.004037329302968933,0
2022-11-21,0.03278545173030753,-0.005323714905422645,0
2022-11-22,0.03278545173030753,0.003295115835303895,0
2022-11-23,0.03278545173030753,0.0015906032430946329,0
2022-11-25,0.025198094467231886,0.0028218986232764944,0
2022-11-28,0.025198094467231886,-0.0018330906073113062,0
2022-11-29,0.025198094467231886,-0.01312615447829078,0
2022-11-30,0.025198094467231886,-0.011813884012030477,0
2022-12-01,0.025198094467231886,0.0015210145997826907,0
2022-12-02,0.02686993596086912,0.01632458641130664,0
2022-12-05,0.02686993596086912,0.009451230461971797,0
2022-12-06,0.02686993596086912,0.003466510641347227,0
2022-12-07,0.02686993596086912,-3.392528715467501e-05,0
2022-12-08,0.02686993596086912,0.0022680035420172273,0
2022-12-09,0.027298514792183433,-0.005836461459895058,0
2022-12-12,0.027298514792183433,-0.013311269742958926,0
2022-12-13,0.027298514792183433,-0.00518251040370522,0
2022-12-14,0.027298514792183433,0.010157783131182683,0
2022-12-15,0.027298514792183433,0.006823290829879761,0
2022-12-16,0.028306200832007043,0.0023341026483333963,0
2022-12-19,0.028306200832007043,-0.004817906076806889,0
2022-12-20,0.028306200832007043,-0.009132936533387856,0
2022-12-21,0.028306200832007043,0.008554450526505011,0
2022-12-22,0.028306200832007043,-0.006401508208647804,0
2022-12-23,0.02561194789744858,-0.0002199874132095299,0
2022-12-27,0.02561194789744858,0.005156644065686078,0
2022-12-28,0.02561194789744858,-0.004148643401998076,0
2022-12-29,0.02561194789744858,-0.003961024505317573,0
2022-12-30,0.02561194789744858,0.00521270913120561,0
2023-01-03,0.021602364685655705,0.00894372805532688,0
2023-01-04,0.021602364685655705,0.0011918853830608644,0
2023-01-05,0.021602364685655705,-0.008931682272218617,0
2023-01-06,0.021602364685655705,-0.0061148397177875945,0
2023-01-09,0.021602364685655705,-0.0027583498518216655,0
2023-01-10,0.021663446454202834,-0.01026841261239625,0
2023-01-11,0.021663446454202834,-0.007695141495110584,0
2023-01-12,0.021663446454202834,-0.007590408991717222,0
2023-01-13,0.021663446454202834,0.001960330648729796,0
2023-01-17,0.021663446454202834,0.003168125704766159,0
2023-01-18,0.021569592535378105,-0.0021482195560448046,0
2023-01-19,0.021569592535378105,-0.005959985895764583,0
2023-01-20,0.021569592535378105,-0.0031245868472666773,0
2023-01-23,0.021569592535378105,0.0018030642237816489,0
2023-01-24,0.021569592535378105,-0.0012428058393224787,0
2023-01-25,0.017753332364839523,-0.002970434953806091,0
2023-01-26,0.017753332364839523,0.0036732147839407822,0
2023-01-27,0.017753332364839523,0.008770588631974136,0
2023-01-30,0.017753332364839523,-0.006695764017905271,0
2023-01-31,0.017753332364839523,0.002811989450160092,0
2023-02-01,0.019715049472681098,-0.0030274261826813108,0
2023-02-02,0.019715049472681098,0.018531946844723753,0
2023-02-03,0.019715049472681098,0.0027636027172641777,0
2023-02-06,0.019715049472681098,-0.009552328718668634,0
2023-02-07,0.019715049472681098,-0.002516246871899175,0
2023-02-08,0.02651128964940514,0.0051789379942133945,0
2023-02-09,0.02651128964940514,-0.003808854909365034,0
2023-02-10,0.02651128964940514,-0.0014218652088710097,0
2023-02-13,0.02651128964940514,0.0024657584387220376,0
2023-02-14,0.02651128964940514,0.003287708044191712,0
2023-02-15,0.021162278965475706,0.0036681183513754293,0
2023-02-16,0.021162278965475706,0.006208960124922456,0
2023-02-17,0.021162278965475706,0.007201086390644543,0
2023-02-21,0.021162278965475706,0.006531221846719335,0
2023-02-22,0.021162278965475706,-0.003289560498819835,0
2023-02-23,0.021211964430999805,0.0020408526600017244,0
2023-02-24,0.021211964430999805,0.00037695833446345286,0
2023-02-27,0.021211964430999805,-0.005665854819959961,0
2023-02-28,0.021211964430999805,0.0005781052723668684,0
2023-03-01,0.021211964430999805,-0.0031600935171171634,0
2023-03-02,0.017269667226066952,-0.008900765730135294,0
2023-03-03,0.017269667226066952,-0.0022485107481237283,0
2023-03-06,0.017269667226066952,0.012906360633268563,0
2023-03-07,0.017269667226066952,0.004889782496114899,0
2023-03-08,0.017269667226066952,0.0031554292280365362,0
2023-03-09,0.022359303861022334,-0.00746185074445322,0
2023-03-10,0.022359303861022334,-0.0042726985321935584,0
2023-03-13,0.022359303861022334,0.007932170342017549,0
2023-03-14,0.022359303861022334,0.007065672639497266,0
2023-03-15,0.022359303861022334,-0.00035364070844658363,0
2023-03-16,0.021888240455675088,-0.0011738956707532063,0
2023-03-17,0.021888240455675088,-0.005815211556587371,0
2023-03-20,0.021888240455675088,-0.002313928570851101,0
2023-03-21,0.021888240455675088,-0.005705264302141195,0
2023-03-22,0.021888240455675088,-0.005619550173566011,0
2023-03-23,0.01915347590584132,0.00265463329572055,0
2023-03-24,0.01915347590584132,-0.003776225526154282,0
2023-03-27,0.01915347590584132,-0.0032053941969157926,0
2023-03-28,0.01915347590584132,-0.0018126213115965,0
2023-03-29,0.01915347590584132,-0.0067603904525389774,0
2023-03-30,0.017482603441775303,-0.007402730354989846,0
2023-03-31,0.017482603441775303,-0.01349545692179499,0
2023-04-03,0.017482603441775303,-0.006671660498942102,0
2023-04-04,0.017482603441775303,-0.0008372352210124274,0
2023-04-05,0.017482603441775303,0.0009337414669917166,0
2023-04-06,0.02034683869770072,0.006266389258966578,0
2023-04-10,0.02034683869770072,-0.005111093621290224,0
2023-04-11,0.02034683869770072,-0.005445314837613889,0
2023-04-12,0.02034683869770072,-0.0038167944239775155,0
2023-04-13,0.02034683869770072,0.0034038234853942684,0
2023-04-14,0.018429881278283145,0.006791187146650108,0
2023-04-17,0.018429881278283145,-0.0007725038503496838,0
2023-04-18,0.018429881278283145,0.004999535104522782,0
2023-04-19,0.018429881278283145,0.004002391866197441,0
2023-04-20,0.018429881278283145,0.0012877012357945395,0
2023-04-21,0.017251684848652995,-0.004770986390637033,0
2023-04-24,0.017251684848652995,0.0038450240948100416,0
2023-04-25,0.017251684848652995,0.011177949573516581,0
2023-04-26,0.017251684848652995,-0.005474486818265455,0
2023-04-27,0.017251684848652995,-0.008209803885147218,0
2023-04-28,0.021097363789994016,0.006442145502117969,0
2023-05-01,0.021097363789994016,0.008273729662066038,0
2023-05-02,0.021097363789994016,0.006658487400441721,0
2023-05-03,0.021097363789994016,-0.0013490171970258584,0
2023-05-04,0.021097363789994016,-0.006686715109956842,0
2023-05-05,0.02095575034767002,-0.004704451407813642,0
2023-05-08,0.02095575034767002,-0.0009028170324965784,0
2023-05-09,0.02095575034767002,0.0018940040623431414,0
2023-05-10,0.02095575034767002,0.005521058652373922,0
2023-05-11,0.02095575034767002,0.005209437572774845,0
2023-05-12,0.018852036545742624,-0.0024348455944375614,0
2023-05-15,0.018852036545742624,0.005198509934191447,0
2023-05-16,0.018852036545742624,-0.006276784082804271,0
2023-05-17,0.018852036545742624,0.005004680184067432,0
2023-05-18,0.018852036545742624,0.0008190359498439149,0
2023-05-19,0.01773154511141411,-0.001370428520797139,0
2023-05-22,0.01773154511141411,-0.00015119886876508544,0
2023-05-23,0.01773154511141411,-0.00016072727148652407,0
2023-05-24,0.01773154511141411,0.00863034380582962,0
2023-05-25,0.01773154511141411,-0.004780571616691685,0
2023-05-26,0.017827628407200122,0.006358161886887101,0
2023-05-30,0.017827628407200122,0.003377968203095608,0
2023-05-31,0.017827628407200122,-0.009058651192325184,0
2023-06-01,0.017827628407200122,-0.004532163370950841,0
2023-06-02,0.017827628407200122,-9.098772425298734e-05,0
2023-06-05,0.01807732881122768,-0.000464611170817714,0
2023-06-06,0.01807732881122768,0.002627959490046762,0
2023-06-07,0.01807732881122768,-0.0014413962210974894,0
2023-06-08,0.01807732881122768,0.00239984800233948,0
2023-06-09,0.01807732881122768,0.007996831035542386,0
2023-06-12,0.018011423179767668,-0.005820310104004612,0
2023-06-13,0.018011423179767668,0.0013209206515047572,0
2023-06-14,0.018011423179767668,-0.011985699733840694,0
2023-06-15,0.018011423179767668,-0.003607978235431888,0
2023-06-16,0.018011423179767668,0.006698422866713714,0
2023-06-20,0.020434811596497498,-0.00451137228284187,0
2023-06-21,0.020434811596497498,0.009722766148079893,0
2023-06-22,0.020434811596497498,0.001668230323249183,0
2023-06-23,0.020434811596497498,0.00027597900543783473,0
2023-06-26,0.020434811596497498,0.004236521179139272,0
2023-06-27,0.019363186949716598,-0.006829694940702435,0
2023-06-28,0.019363186949716598,0.0013920965488611872,0
2023-06-29,0.019363186949716598,-0.005459629285850358,0
2023-06-30,0.019363186949716598,0.00226897230261883,0
2023-07-03,0.019363186949716598,-0.0036629433915998217,0
2023-07-05,0.017231994001365512,0.004863989566886565,0
2023-07-06,0.017231994001365512,-0.0072815123309229535,0
2023-07-07,0.017231994001365512,-0.000466586974416648,0
2023-07-10,0.017231994001365512,-0.008056262805632106,0
2023-07-11,0.017231994001365512,-0.008572953933289678,0
2023-07-12,0.01977537335668741,-0.008992407287333044,0
2023-07-13,0.01977537335668741,0.0035543925088952527,0
2023-07-14,0.01977537335668741,0.0030065302201069013,0
2023-07-17,0.01977537335668741,-0.008615194156258475,0
2023-07-18,0.01977537335668741,3.195845340936822e-05,0
2023-07-19,0.019288375842443962,0.003560326240968547,0
2023-07-20,0.019288375842443962,-0.002376274574027586,0
2023-07-21,0.019288375842443962,-0.003995859302805526,0
2023-07-24,0.019288375842443962,-0.0014986021615221502,0
2023-07-25,0.019288375842443962,0.0010293368906968397,0
2023-07-26,0.016048243836485784,0.0020789791948770163,0
2023-07-27,0.016048243836485784,-0.0035650088893269907,0
2023-07-28,0.016048243836485784,-0.005404779561161805,0
2023-07-31,0.016048243836485784,0.006292147405690189,0
2023-08-01,0.016048243836485784,0.008016276550074804,0
2023-08-02,0.019045620627509797,-0.0014042226847713359,0
2023-08-03,0.019045620627509797,-0.005064084817006516,0
2023-08-04,0.019045620627509797,0.0005234031469796277,0
2023-08-07,0.019045620627509797,-0.0015763740430830737,0
2023-08-08,0.019045620627509797,-0.000538936655695413,0
2023-08-09,0.015641829691135284,0.005028601360220589,0
2023-08-10,0.015641829691135284,0.0004663665013483688,0
2023-08-11,0.015641829691135284,0.0017339933425788592,0
2023-08-14,0.015641829691135284,0.007907145291006711,0
2023-08-15,0.015641829691135284,0.00708035065036282,0
2023-08-16,0.019305813026134017,0.0010846518052471093,0
2023-08-17,0.019305813026134017,-0.0029054877507071453,0
2023-08-18,0.019305813026134017,0.0004014918807580673,0
2023-08-21,0.019305813026134017,0.0006437917699597045,0
2023-08-22,0.019305813026134017,-0.002055222956014446,0
2023-08-23,0.015567186658981061,0.0027296456385588,0
2023-08-24,0.015567186658981061,-0.00126657472940644,0
2023-08-25,0.015567186658981061,-0.003156530174138854,0
2023-08-28,0.015567186658981061,-0.0093827686140357,0
2023-08-29,0.015567186658981061,-0.003507717449586264,0
2023-08-30,0.01718540541409481,-0.005456263270649611,0
2023-08-31,0.01718540541409481,-0.002213476890554677,0
2023-09-01,0.01718540541409481,0.0017344247445923683,0
2023-09-05,0.01718540541409481,0.002074804785280441,0
2023-09-06,0.01718540541409481,0.001593166551067282,0
2023-09-07,0.014918851581338044,-0.001397087420782927,0
2023-09-08,0.014918851581338044,-0.0013835183159277918,0
2023-09-11,0.014918851581338044,-0.002005429942673288,0
2023-09-12,0.014918851581338044,0.00041489366317089797,0
2023-09-13,0.014918851581338044,-0.0046408418766197106,0
2023-09-14,0.013483300366427076,0.0021074305383929613,0
2023-09-15,0.013483300366427076,-0.0032888544226549574,0
2023-09-18,0.013483300366427076,0.0012659626920437342,0
2023-09-19,0.013483300366427076,0.0028623753681653167,0
2023-09-20,0.013483300366427076,0.00952211569853926,0
2023-09-21,0.015748091026781742,-0.002016285566390716,0
2023-09-22,0.015748091026781742,0.002613946051053948,0
2023-09-25,0.015748091026781742,0.004225273594803489,0
2023-09-26,0.015748091026781742,-0.0028270078458124143,0
2023-09-27,0.015748091026781742,0.004947190299632709,0
2023-09-28,0.015005083055197018,0.002757142676143893,0
2023-09-29,0.015005083055197018,0.007916070860187292,0
2023-10-02,0.015005083055197018,0.005706039754185245,0
2023-10-03,0.015005083055197018,0.009508001439501645,0
2023-10-04,0.015005083055197018,0.00401947658566274,0
2023-10-05,0.017494716114939777,-0.004581997668664963,0
2023-10-06,0.017494716114939777,-0.01477684925972688,0
2023-10-09,0.017494716114939777,-0.0011476961133963701,0
2023-10-10,0.017494716114939777,0.002148598669386407,0
2023-10-11,0.017494716114939777,0.004586271292642106,0
2023-10-12,0.018546207037645947,-0.015946369977832008,0
2023-10-13,0.018546207037645947,0.0023858287992362293,0
2023-10-16,0.018546207037645947,0.0012037215471285678,0
2023-10-17,0.018546207037645947,-0.0038768995188335565,0
2023-10-18,0.018546207037645947,-0.0003540495952111763,0
2023-10-19,0.018922779389962327,0.00042367995455531646,0
2023-10-20,0.018922779389962327,0.007446358952344247,0
2023-10-23,0.018922779389962327,0.0009615036974188751,0
2023-10-24,0.018922779389962327,0.001230464708342884,0
2023-10-25,0.018922779389962327,0.006254019122660742,0
2023-10-26,0.01756899722734904,-0.004960097739888465,0
2023-10-27,0.01756899722734904,0.005253016234965529,0
2023-10-30,0.01756899722734904,0.0024040777488583886,0
2023-10-31,0.01756899722734904,-0.0016196938285426186,0
2023-11-01,0.01756899722734904,-0.010768803407739011,0
2023-11-02,0.017886667312660285,0.00018485841241080666,0
2023-11-03,0.017886667312660285,-0.001080089149952551,0
2023-11-06,0.017886667312660285,0.00871627608713236,0
2023-11-07,0.017886667312660285,0.0063745626703910815,0
2023-11-08,0.017886667312660285,0.0009611096784361629,0
2023-11-09,0.017082908091120702,-0.0030139971774952768,0
2023-11-10,0.017082908091120702,-0.0042816524417052864,0
2023-11-13,0.017082908091120702,-0.008650286018951311,0
2023-11-14,0.017082908091120702,0.0022770066109768167,0
2023-11-15,0.017082908091120702,0.006345333622614125,0
2023-11-16,0.0166707064509678,-0.008178009038591469,0
2023-11-17,0.0166707064509678,-0.006795149646409344,0
2023-11-20,0.0166707064509678,-0.0031768373096025117,0
2023-11-21,0.0166707064509678,0.0022837163065463776,0
2023-11-22,0.0166707064509678,0.004143095504617963,0
2023-11-24,0.016159589651383477,-0.0008932907861848551,0
2023-11-27,0.016159589651383477,-0.008257825518544691,0
2023-11-28,0.016159589651383477,-0.0062068728665722,0
2023-11-29,0.016159589651383477,0.006636317679729751,0
2023-11-30,0.016159589651383477,0.0002804024693667769,0
2023-12-01,0.016043033968305767,0.009369645225643361,0
2023-12-04,0.016043033968305767,0.0021723608514774336,0
2023-12-05,0.016043033968305767,0.00788784754457318,0
2023-12-06,0.016043033968305767,-0.0006167652024158792,0
2023-12-07,0.016043033968305767,-0.0022356974973273508,0
2023-12-08,0.01625370006472938,0.0014742984557030206,0
2023-12-11,0.01625370006472938,0.006409815310012195,0
2023-12-12,0.01625370006472938,-0.009204554609263518,0
2023-12-13,0.01625370006472938,-0.014557056986542237,0
2023-12-14,0.01625370006472938,-0.00046492379524859664,0
2023-12-15,0.0185397324948921,-0.0020733977867955396,0
2023-12-18,0.0185397324948921,-0.005918991655366275,0
2023-12-19,0.0185397324948921,-0.0007933011051692233,0
2023-12-20,0.0185397324948921,-0.0006542442979771152,0
2023-12-21,0.0185397324948921,-0.002109239237183758,0
2023-12-22,0.01639671356833114,-0.006723240712874811,0
2023-12-26,0.01639671356833114,-0.0006388959160193594,0
2023-12-27,0.01639671356833114,0.006691964308322604,0
2023-12-28,0.01639671356833114,0.0032398604813876266,0
2023-12-29,0.01639671356833114,0.005799413752420693,0
2024-01-02,0.01622621066271033,-0.0006427092823234803,0
2024-01-03,0.01622621066271033,0.0027645841673380163,0
2024-01-04,0.01622621066271033,-0.00443893331885393,0
2024-01-05,0.01622621066271033,0.00658575279858875,0
2024-01-08,0.01622621066271033,-0.003885534084964757,0
2024-01-09,0.015389144869383442,0.0024240288685800342,0
2024-01-10,0.015389144869383442,-0.0027911885564267033,0
2024-01-11,0.015389144869383442,-0.005825670250198696,0
2024-01-12,0.015389144869383442,0.005836034732979883,0
2024-01-16,0.015389144869383442,0.004885637611245013,0
2024-01-17,0.01518452157140312,-0.00717775086129481,0
2024-01-18,0.01518452157140312,-0.0013109918249605424,0
2024-01-19,0.01518452157140312,-0.005419263712100166,0
2024-01-22,0.01518452157140312,0.0019506744229574225,0
2024-01-23,0.01518452157140312,-0.00013830762072496205,0
2024-01-24,0.014297960502298496,-0.008606474963132906,0
2024-01-25,0.014297960502298496,-0.0005366147864072992,0
2024-01-26,0.014297960502298496,-0.0002902017160684742,0
2024-01-29,0.014297960502298496,-0.003296897621628013,0
2024-01-30,0.014297960502298496,0.004888159330728222,0
2024-01-31,0.014258595199805248,0.001988320623074651,0
2024-02-01,0.014258595199805248,0.005058883755975197,0
2024-02-02,0.014258595199805248,0.003987191695218647,0
2024-02-05,0.014258595199805248,-0.003144455704669402,0
2024-02-06,0.014258595199805248,-0.0031334604226100123,0
2024-02-07,0.013775378650515858,-0.005800180725585228,0
2024-02-08,0.013775378650515858,-0.001556162619588774,0
2024-02-09,0.013775378650515858,-9.221198778300933e-05,0
2024-02-12,0.013775378650515858,0.005514139060720878,0
2024-02-13,0.013775378650515858,0.001970989883347671,0
2024-02-14,0.013456854821150572,-0.006924225825615487,0
2024-02-15,0.013456854821150572,-0.002828622716205374,0
2024-02-16,0.013456854821150572,0.001818377789767444,0
2024-02-20,0.013456854821150572,0.0008932467597516954,0
2024-02-21,0.013456854821150572,-0.005867644351027787,0
2024-02-22,0.013382403751851867,0.0025213182435416823,0
2024-02-23,0.013382403751851867,-0.000675864497563062,0
2024-02-26,0.013382403751851867,-0.004303011251166745,0
2024-02-27,0.013382403751851867,0.0006571720760515293,0
2024-02-28,0.013382403751851867,-0.001867420603755404,0
2024-02-29,0.0124666946410497,-0.010191622779546852,0
2024-03-01,0.0124666946410497,0.00015709746225274688,0
2024-03-04,0.0124666946410497,0.0006088994735049351,0
2024-03-05,0.0124666946410497,-0.0055866851718985875,0
2024-03-06,0.0124666946410497,-0.0033962622379293413,0
2024-03-07,0.013329599468014675,0.0006812327777813289,0
2024-03-08,0.013329599468014675,0.0004556671915287491,0
2024-03-11,0.013329599468014675,0.0017933843654137525,0
2024-03-12,0.013329599468014675,-0.005982778899154576,0
2024-03-13,0.013329599468014675,-0.0011248407713189954,0
2024-03-14,0.01261600331937536,0.004028976027508457,0
2024-03-15,0.01261600331937536,-0.005427973251636292,0
2024-03-18,0.01261600331937536,-0.002941772554292554,0
2024-03-19,0.01261600331937536,0.0021414931553590446,0
2024-03-20,0.01261600331937536,-0.002782214867112346,0
2024-03-21,0.012339702403994892,0.004005963295375495,0
2024-03-22,0.012339702403994892,-0.0026356925604215636,0
2024-03-25,0.012339702403994892,0.0004301156952742274,0
2024-03-26,0.012339702403994892,-0.003083177972180076,0
2024-03-27,0.012339702403994892,-0.006539630168554339,0
2024-03-28,0.012293446259808861,-0.00040624432648494406,0
2024-04-01,0.012293446259808861,-0.00267770331602272,0
2024-04-02,0.012293446259808861,-0.004625921375694904,0
2024-04-03,0.012293446259808861,-0.0017022951581621183,0
2024-04-04,0.012293446259808861,-0.004793326796839515,0
2024-04-05,0.011812828865654929,0.0012401068623598018,0
2024-04-08,0.011812828865654929,9.126279173154664e-05,0
2024-04-09,0.011812828865654929,0.0035599232110777117,0
2024-04-10,0.011812828865654929,0.0016047156493697815,0
2024-04-11,0.011812828865654929,0.0007646603337289788,0
2024-04-12,0.011031829203530914,0.004917585081046411,0
2024-04-15,0.011031829203530914,-0.0003380431951095246,0
2024-04-16,0.011031829203530914,0.007934540765032057,0
2024-04-17,0.011031829203530914,-0.0007498574113908572,0
2024-04-18,0.011031829203530914,-0.00036494788860523476,0
2024-04-19,0.011825559832420068,0.004272234822094798,0
2024-04-22,0.011825559832420068,-0.0034023875249139393,0
2024-04-23,0.011825559832420068,0.0012251070140368457,0
2024-04-24,0.011825559832420068,-0.0005160840044685957,0
2024-04-25,0.011825559832420068,-0.00423150874849823,0
2024-04-26,0.011438614748836794,0.0010079914406801028,0
2024-04-29,0.011438614748836794,0.010304637695216032,0
2024-04-30,0.011438614748836794,0.00736016581829946,0
2024-05-01,0.011438614748836794,-0.0035961253927583843,0
2024-05-02,0.011438614748836794,-0.00165981339443243,0
2024-05-03,0.013597559054530677,-0.00559552554145651,0
2024-05-06,0.013597559054530677,-0.0001537506819275495,0
2024-05-07,0.013597559054530677,-0.0005335472830523669,0
2024-05-08,0.013597559054530677,-0.0038287259834129035,0
2024-05-09,0.013597559054530677,-0.0008492948577990794,0
2024-05-10,0.012567621793117758,0.0005519572199140422,0
2024-05-13,0.012567621793117758,-0.0006520939150686245,0
2024-05-14,0.012567621793117758,-0.008755512778120136,0
2024-05-15,0.012567621793117758,-0.001375632045039587,0
2024-05-16,0.012567621793117758,-0.003978162939332061,0
2024-05-17,0.012597598452714449,-0.0011641847249798953,0
2024-05-20,0.012597598452714449,0.001617167731604541,0
2024-05-21,0.012597598452714449,0.007916670241207756,0
2024-05-22,0.012597598452714449,0.009147052181815342,0
2024-05-23,0.012597598452714449,-0.0034074616188701765,0
2024-05-24,0.014302797309121389,-0.007129470965269867,0
2024-05-28,0.014302797309121389,0.005418433373008949,0
2024-05-29,0.014302797309121389,0.0042628237528532726,0
2024-05-30,0.014302797309121389,0.000941322715591701,0
2024-05-31,0.014302797309121389,0.0034441281954414953,0
2024-06-03,0.01373495601380143,0.0020461443487647603,0
2024-06-04,0.01373495601380143,-0.007283153007383438,0
2024-06-05,0.01373495601380143,-0.0050683864002897105,0
2024-06-06,0.01373495601380143,0.00759913395797048,0
2024-06-07,0.01373495601380143,-0.0039369343105000384,0
2024-06-10,0.014179081689666265,-0.0017175914536206745,0
2024-06-11,0.014179081689666265,-0.0063502682233643045,0
2024-06-12,0.014179081689666265,-0.0003546568575339644,0
2024-06-13,0.014179081689666265,-0.0012692012069006981,0
2024-06-14,0.014179081689666265,-0.003010419196556159,0
2024-06-17,0.013371593778749503,-0.006705391141606894,0
2024-06-18,0.013371593778749503,-0.0026519568772351426,0
2024-06-20,0.013371593778749503,0.007850766014668786,0
2024-06-21,0.013371593778749503,-0.0025949380857093413,0
2024-06-24,0.013371593778749503,0.0013290321591258474,0
2024-06-25,0.013427656101474346,0.002661445443025151,0
2024-06-26,0.013427656101474346,-0.0043308258381772515,0
2024-06-27,0.013427656101474346,0.001567739612752085,0
2024-06-28,0.013427656101474346,-0.0039940816407883105,0
2024-07-01,0.013427656101474346,-0.00025596091149878244,0
2024-07-02,0.012685827829194704,-0.008264633594143898,0
2024-07-03,0.012685827829194704,-0.004043501246844437,0
2024-07-05,0.012685827829194704,0.004263769495940389,0
2024-07-08,0.012685827829194704,0.0018689267911647443,0
2024-07-09,0.012685827829194704,-0.004634560034986618,0
2024-07-10,0.012955988461324815,-0.004691281243337505,0
2024-07-11,0.012955988461324815,-0.0011714886129880863,0
2024-07-12,0.012955988461324815,-0.0001713097694419053,0
2024-07-15,0.012955988461324815,-0.002859913878542477,0
2024-07-16,0.012955988461324815,-0.001872281918312708,0
2024-07-17,0.012129434890958928,0.0017645436227387676,0
2024-07-18,0.012129434890958928,0.014024134420730349,1
2024-07-19,0.012129434890958928,-0.0007448848817789089,0
2024-07-22,0.012129434890958928,0.006482548220408501,0
2024-07-23,0.012129434890958928,0.0034956841823140026,0
2024-07-24,0.014618306395576017,0.0041761640732533275,0
2024-07-25,0.014618306395576017,-0.0028655564805456736,0
2024-07-26,0.014618306395576017,0.003212500563329908,0
2024-07-29,0.014618306395576017,0.0017603372450251,0
2024-07-30,0.014618306395576017,-0.014648384527087886,0
2024-07-31,0.016009998804562938,0.005211147854575943,0
2024-08-01,0.016009998804562938,0.009523028263073106,0
2024-08-02,0.016009998804562938,0.007181683037042751,0
2024-08-05,0.016009998804562938,-0.000666902290366593,0
2024-08-06,0.016009998804562938,-0.002858654481241704,0
2024-08-07,0.016406320905405954,-0.009160340558659033,0
2024-08-08,0.016406320905405954,-0.004028433946935117,0
2024-08-09,0.016406320905405954,-0.011217974752679688,0
2024-08-12,0.016406320905405954,-0.0006684042052391569,0
2024-08-13,0.016406320905405954,0.003616103013965998,0
2024-08-14,0.01672912294052692,-0.006403069064818082,0
2024-08-15,0.01672912294052692,0.00017317784936617586,0
2024-08-16,0.01672912294052692,0.002630373267908371,0
2024-08-19,0.01672912294052692,-0.0013842799015771003,0
2024-08-20,0.01672912294052692,0.004011452731500529,0
2024-08-21,0.015684210769405012,0.0016100384106669985,0
2024-08-22,0.015684210769405012,-0.009810589365967343,0
2024-08-23,0.015684210769405012,-0.007937197764525974,0
2024-08-26,0.015684210769405012,0.005257028087077326,0
2024-08-27,0.015684210769405012,0.004952787442223349,0
2024-08-28,0.016138107125347627,-0.004354981010831993,0
2024-08-29,0.016138107125347627,0.008351124878753523,0
2024-08-30,0.016138107125347627,0.012434298773501534,0
2024-09-03,0.016138107125347627,0.0024771291510102163,0
2024-09-04,0.016138107125347627,-0.0017293727739502926,0
2024-09-05,0.01703312842086698,0.008402350828702585,0
2024-09-06,0.01703312842086698,-0.005871490281950886,0
2024-09-09,0.01703312842086698,0.007124132976132142,0
2024-09-10,0.01703312842086698,-0.006354049568307607,0
2024-09-11,0.01703312842086698,-0.008948163582787598,0
2024-09-12,0.01774281000458744,-0.004091680761992515,0
2024-09-13,0.01774281000458744,-0.005049071272021921,0
2024-09-16,0.01774281000458744,-0.002292016247712304,0
2024-09-17,0.01774281000458744,0.0018564200142342905,0
2024-09-18,0.01774281000458744,-0.007308820629534115,0
2024-09-19,0.016650262192937484,-0.002763723112464014,0
2024-09-20,0.016650262192937484,0.003435228837023271,0
2024-09-23,0.016650262192937484,-0.005068985992961242,0
2024-09-24,0.016650262192937484,0.004454747956361773,0
2024-09-25,0.016650262192937484,0.005494566856911712,0
2024-09-26,0.01593524078984687,-0.0009459327389110088,0
2024-09-27,0.01593524078984687,0.0004863903178998624,0
2024-09-30,0.01593524078984687,-0.0054223756371851,0
2024-10-01,0.01593524078984687,0.0026019411942480733,0
2024-10-02,0.01593524078984687,-0.009158143620100171,0
2024-10-03,0.015510450431428464,-0.0005699599755072389,0
2024-10-04,0.015510450431428464,-0.003448672314246782,0
2024-10-07,0.015510450431428464,0.009626321232231352,0
2024-10-08,0.015510450431428464,0.000920851917424279,0
2024-10-09,0.015510450431428464,-0.0070934636132112885,0
2024-10-10,0.015497718691550673,-0.003134353103373416,0
2024-10-11,0.015497718691550673,0.004345801814742813,0
2024-10-14,0.015497718691550673,0.008782170193358883,0
2024-10-15,0.015497718691550673,-0.0011910017784350435,0
2024-10-16,0.015497718691550673,-0.0005884827609636123,0
2024-10-17,0.014988648528057749,0.002051458595475633,0
2024-10-18,0.014988648528057749,-0.003333151511133773,0
2024-10-21,0.014988648528057749,-0.004613146035064905,0
2024-10-22,0.014988648528057749,0.008570148599850719,0
2024-10-23,0.014988648528057749,-0.0004190698969520969,0
2024-10-24,0.014938709686129835,-0.00522424719166777,0
2024-10-25,0.014938709686129835,0.01295051332197988,0
2024-10-28,0.014938709686129835,-0.0021264525839566365,0
2024-10-29,0.014938709686129835,-0.004684533035961831,0
2024-10-30,0.014938709686129835,0.004900134213229053,0
2024-10-31,0.01589711243335658,-0.0008096660620090385,0
2024-11-01,0.01589711243335658,-0.00572462194453031,0
2024-11-04,0.01589711243335658,-0.004292333378234439,0
2024-11-05,0.01589711243335658,0.002178373500280115,0
2024-11-06,0.01589711243335658,-0.0035213944053819847,0
2024-11-07,0.015039562407316702,0.004029488206493627,0
2024-11-08,0.015039562407316702,0.014374853271814104,0
2024-11-11,0.015039562407316702,0.0034090688516052172,0
2024-11-12,0.015039562407316702,0.001552374351679616,0
2024-11-13,0.015039562407316702,0.002419721064039419,0
2024-11-14,0.01607354217463116,0.008364410618753336,0
2024-11-15,0.01607354217463116,-0.01105720600086687,0
2024-11-18,0.01607354217463116,-0.0043003235935527295,0
2024-11-19,0.01607354217463116,-4.047562559994077e-05,0
2024-11-20,0.01607354217463116,-0.00513438909875936,0
2024-11-21,0.016418932322605762,-0.0053936754957781205,0
2024-11-22,0.016418932322605762,0.010604577240361866,0
2024-11-25,0.016418932322605762,0.00018864602321051033,0
2024-11-26,0.016418932322605762,-0.002282743995300584,0
2024-11-27,0.016418932322605762,-0.002509715359266985,0
2024-11-29,0.016268149266142885,0.0012442079013377275,0
2024-12-02,0.016268149266142885,-0.004761585915354927,0
2024-12-03,0.016268149266142885,0.0012081496653897185,0
2024-12-04,0.016268149266142885,0.0030943133920932047,0
2024-12-05,0.016268149266142885,-0.00014818950144104945,0
2024-12-06,0.015150451325778004,-0.0031284564363905525,0
2024-12-09,0.015150451325778004,-0.001935283156877852,0
2024-12-10,0.015150451325778004,-0.008175626124488928,0
2024-12-11,0.015150451325778004,0.006531761925263483,0
2024-12-12,0.015150451325778004,0.0003305295801351286,0
2024-12-13,0.015103117467614734,0.0004719253717232638,0
2024-12-16,0.015103117467614734,0.00295413818366073,0
2024-12-17,0.015103117467614734,0.007140095201542365,0
2024-12-18,0.015103117467614734,0.00915665790245246,0
2024-12-19,0.015103117467614734,-0.00468644942015767,0
2024-12-20,0.015547037489904573,1.1119650633006645e-05,0
2024-12-23,0.015547037489904573,-0.004839285563064405,0
2024-12-24,0.015547037489904573,-5.730751372297674e-06,0
2024-12-26,0.015547037489904573,0.0011383506618154603,0
2024-12-27,0.015547037489904573,0.0006118574545629081,0
