,VaR_pred,loss_real,viol,year
2019-01-02,0.023789020255208015,0.001923145609907806,0,2019
2019-01-03,0.028629140928387642,-0.00866301916539669,0,2019
2019-01-04,0.018419764935970306,-0.004140570294111967,0,2019
2019-01-07,0.025468645617365837,-0.0072075785137712955,0,2019
2019-01-08,0.022130807861685753,-0.011575083248317242,0,2019
2019-01-09,0.021260911598801613,-0.0026860295329242945,0,2019
2019-01-10,0.017516398802399635,0.00367681123316288,0,2019
2019-01-11,0.017932910472154617,0.0059608472511172295,0,2019
2019-01-14,0.023172792047262192,-0.007949828170239925,0,2019
2019-01-15,0.022496894001960754,-0.0009528879309073091,0,2019
2019-01-16,0.020022578537464142,0.0001946048141689971,0,2019
2019-01-17,0.018375471234321594,-0.006915209349244833,0,2019
2019-01-18,0.02189796417951584,0.007004948332905769,0,2019
2019-01-22,0.019664328545331955,-0.0005342363147065043,0,2019
2019-01-23,0.0211785975843668,-0.0026402573566883802,0,2019
2019-01-24,0.0196082703769207,-0.004850271623581648,0,2019
2019-01-25,0.020253486931324005,0.0054313791915774345,0,2019
2019-01-28,0.019854256883263588,-0.006485580001026392,0,2019
2019-01-29,0.019348349422216415,-0.00732181454077363,0,2019
2019-01-30,0.02086573839187622,-0.003403187496587634,0,2019
2019-01-31,0.018869314342737198,-0.003409000812098384,0,2019
2019-02-01,0.021014085039496422,0.0019357483834028244,0,2019
2019-02-04,0.02242608182132244,0.0023880964145064354,0,2019
2019-02-05,0.01941608637571335,0.00016943564696703106,0,2019
2019-02-06,0.020986763760447502,0.007154189515858889,0,2019
2019-02-07,0.02112368866801262,-0.000883320695720613,0,2019
2019-02-08,0.01945558562874794,0.002622474217787385,0,2019
2019-02-11,0.019471468403935432,-0.004445360507816076,0,2019
2019-02-12,0.021229296922683716,-0.004323430359363556,0,2019
2019-02-13,0.0214511901140213,-0.0009054880938492715,0,2019
2019-02-14,0.02037408947944641,-0.008066302165389061,0,2019
2019-02-15,0.02235545963048935,-0.006039261817932129,0,2019
2019-02-19,0.020976580679416656,-0.004279941786080599,0,2019
2019-02-20,0.020787114277482033,0.004070547875016928,0,2019
2019-02-21,0.021566053852438927,-0.0037228299770504236,0,2019
2019-02-22,0.019590238109230995,0.006886616814881563,0,2019
2019-02-25,0.021332165226340294,-0.0008310754783451557,0,2019
2019-02-26,0.019051922485232353,-0.0036370866000652313,0,2019
2019-02-27,0.02057083137333393,0.0010755863040685654,0,2019
2019-02-28,0.019670633599162102,0.006941580213606358,0,2019
2019-03-01,0.0197871346026659,-0.0008967163157649338,0,2019
2019-03-04,0.020430531352758408,0.0013325191102921963,0,2019
2019-03-05,0.021661408245563507,0.0020403326489031315,0,2019
2019-03-06,0.020015031099319458,-0.0005486805457621813,0,2019
2019-03-07,0.019692374393343925,0.0022431714460253716,0,2019
2019-03-08,0.020368123427033424,-0.004650465678423643,0,2019
2019-03-11,0.02057647332549095,-0.0030620188917964697,0,2019
2019-03-12,0.01838620752096176,-0.008359530009329319,0,2019
2019-03-13,0.02061808854341507,0.0006591120036318898,0,2019
2019-03-14,0.02149687334895134,-0.0022101509384810925,0,2019
2019-03-15,0.019643006846308708,-0.0023826181422919035,0,2019
2019-03-18,0.021356046199798584,-0.0006487994105555117,0,2019
2019-03-19,0.019613636657595634,-0.003127999370917678,0,2019
2019-03-20,0.019218070432543755,-0.004706935025751591,0,2019
2019-03-21,0.0211917906999588,0.005605817772448063,0,2019
2019-03-22,0.019176708534359932,0.00023935921490192413,0,2019
2019-03-25,0.01914910040795803,-0.004234415479004383,0,2019
2019-03-26,0.020924922078847885,0.0035219553392380476,0,2019
2019-03-27,0.02051398903131485,0.0031380318105220795,0,2019
2019-03-28,0.020002072677016258,-0.003945939242839813,0,2019
2019-03-29,0.020985962823033333,-0.004862450994551182,0,2019
2019-04-01,0.02230021171271801,-0.003458240767940879,0,2019
2019-04-02,0.019144419580698013,0.0006279833614826202,0,2019
2019-04-03,0.02009190246462822,-9.692567982710898e-05,0,2019
2019-04-04,0.021175498142838478,-0.003993070684373379,0,2019
2019-04-05,0.020672950893640518,-0.004953088704496622,0,2019
2019-04-08,0.020165393128991127,0.0005255370051600039,0,2019
2019-04-09,0.0201935563236475,-0.004170754924416542,0,2019
2019-04-10,0.020504573360085487,0.006647404283285141,0,2019
2019-04-11,0.01990319974720478,-0.0013921755598857999,0,2019
2019-04-12,0.019448617473244667,0.001204212079755962,0,2019
2019-04-15,0.020239420235157013,0.0007639387622475624,0,2019
2019-04-16,0.02025657705962658,0.0017401841469109058,0,2019
2019-04-17,0.020561980083584785,-0.0017097146483138204,0,2019
2019-04-18,0.020337756723165512,-0.004478564020246267,0,2019
2019-04-22,0.02063959278166294,-0.0035355344880372286,0,2019
2019-04-23,0.02025831863284111,0.0005631006206385791,0,2019
2019-04-24,0.019589440897107124,0.003614060813561082,0,2019
2019-04-25,0.021329402923583984,0.0033584253396838903,0,2019
2019-04-26,0.020509790629148483,0.00031316722743213177,0,2019
2019-04-29,0.020356660708785057,-0.003155743470415473,0,2019
2019-04-30,0.02074548974633217,0.002236835425719619,0,2019
2019-05-01,0.019662095233798027,0.008809427730739117,0,2019
2019-05-02,0.019486553966999054,-0.0036074789240956306,0,2019
2019-05-03,0.019951341673731804,-0.0012230203719809651,0,2019
2019-05-06,0.021858757361769676,0.004832595586776733,0,2019
2019-05-07,0.021098513156175613,-0.0008005184354260564,0,2019
2019-05-08,0.021365730091929436,0.0006642981898039579,0,2019
2019-05-09,0.021402820944786072,-0.0012474118266254663,0,2019
2019-05-10,0.020165065303444862,0.0034265422727912664,0,2019
2019-05-13,0.018028102815151215,-0.002917130244895816,0,2019
2019-05-14,0.021112019196152687,-0.002323796274140477,0,2019
2019-05-15,0.02184969186782837,-0.00239842408336699,0,2019
2019-05-16,0.0196146871894598,0.003670322010293603,0,2019
2019-05-17,0.01939871720969677,0.000508052937220782,0,2019
2019-05-20,0.020430749282240868,-0.0005321704084053636,0,2019
2019-05-21,0.020342623814940453,0.01619735173881054,0,2019
2019-05-23,0.020549247041344643,-0.002926093526184559,0,2019
2019-05-24,0.02102513238787651,-7.325654587475583e-05,0,2019
2019-05-28,0.022889871150255203,0.002352846320718527,0,2019
2019-05-29,0.021663155406713486,0.006139638368040323,0,2019
2019-05-30,0.020181482657790184,0.009786667302250862,0,2019
2019-05-31,0.020197121426463127,-0.0028107622638344765,0,2019
2019-06-03,0.022302204743027687,-0.00576428696513176,0,2019
2019-06-04,0.021553145721554756,0.004345213994383812,0,2019
2019-06-05,0.019376836717128754,-0.005627898965030909,0,2019
2019-06-06,0.022863874211907387,-0.009513610042631626,0,2019
2019-06-07,0.022598838433623314,0.004486937075853348,0,2019
2019-06-10,0.021494096145033836,-0.00018784731219056994,0,2019
2019-06-11,0.017964191734790802,0.0070254928432404995,0,2019
2019-06-12,0.020371215417981148,-0.006215670611709356,0,2019
2019-06-13,0.02251489646732807,-0.0005674983840435743,0,2019
2019-06-14,0.021054260432720184,0.0034078271128237247,0,2019
2019-06-17,0.018722238019108772,-0.011076152324676514,0,2019
2019-06-18,0.02295837737619877,0.00014502422709483653,0,2019
2019-06-19,0.020680250599980354,-0.0204617902636528,0,2019
2019-06-20,0.02490532584488392,-0.003150361590087414,0,2019
2019-06-21,0.023064855486154556,-0.006123807746917009,0,2019
2019-06-24,0.020312590524554253,0.0014829459832981229,0,2019
2019-06-25,0.02544591948390007,-0.0032239453867077827,0,2019
2019-06-26,0.019931217655539513,-0.0011628390057012439,0,2019
2019-06-27,0.0203548613935709,0.0018652373692020774,0,2019
2019-06-28,0.019355490803718567,0.0002029662864515558,0,2019
2019-07-01,0.019978081807494164,0.0072008646093308926,0,2019
2019-07-02,0.021281998604536057,-0.007704336661845446,0,2019
2019-07-03,0.02088061161339283,0.004156284499913454,0,2019
2019-07-05,0.022633355110883713,0.001644199131987989,0,2019
2019-07-08,0.01944463700056076,-0.0005776197649538517,0,2019
2019-07-09,0.02193329855799675,-0.011461455374956131,0,2019
2019-07-10,0.023722684010863304,0.001218526973389089,0,2019
2019-07-11,0.021435189992189407,-0.001856381306424737,0,2019
2019-07-12,0.018021373078227043,0.0010852834675461054,0,2019
2019-07-15,0.021165264770388603,0.00830618105828762,0,2019
2019-07-16,0.020487934350967407,0.002485473407432437,0,2019
2019-07-17,0.01927931047976017,0.003090826328843832,0,2019
2019-07-18,0.01974034123122692,-1.2801019693142734e-05,0,2019
2019-07-19,0.020003842189908028,-0.0020253180991858244,0,2019
2019-07-22,0.019611602649092674,-0.0020349007099866867,0,2019
2019-07-23,0.02121083438396454,0.0025345066096633673,0,2019
2019-07-24,0.019318966194987297,0.002314894925802946,0,2019
2019-07-25,0.020480312407016754,-0.0027936454862356186,0,2019
2019-07-26,0.021182671189308167,-0.0021327261347323656,0,2019
2019-07-29,0.02248585969209671,-0.005296184681355953,0,2019
2019-07-30,0.019016755744814873,9.758148371474817e-05,0,2019
2019-07-31,0.019861474633216858,0.018301527947187424,0,2019
2019-08-01,0.020317310467362404,-0.008768385276198387,0,2019
2019-08-02,0.022954149171710014,0.004704801365733147,0,2019
2019-08-05,0.028105134144425392,-0.0024849274195730686,0,2019
2019-08-06,0.020264428108930588,0.005520970560610294,0,2019
2019-08-07,0.01973467878997326,-0.008007815107703209,0,2019
2019-08-08,0.020038148388266563,-0.005240730009973049,0,2019
2019-08-09,0.028190359473228455,-0.0018953668186441064,0,2019
2019-08-12,0.0195687897503376,-0.009804915636777878,0,2019
2019-08-13,0.02454291097819805,0.010196973569691181,0,2019
2019-08-14,0.022592652589082718,0.001128208008594811,0,2019
2019-08-15,0.0178978331387043,-0.002329699695110321,0,2019
2019-08-16,0.022403163835406303,-0.004317543935030699,0,2019
2019-08-19,0.01791083812713623,-0.00012142007471993566,0,2019
2019-08-20,0.019600411877036095,0.000979333883151412,0,2019
2019-08-21,0.01942209154367447,0.0028310937341302633,0,2019
2019-08-22,0.022049911320209503,0.00447335047647357,0,2019
2019-08-23,0.020650727674365044,-0.0010479409247636795,0,2019
2019-08-26,0.020663825795054436,-0.006181079428642988,0,2019
2019-08-27,0.021682068705558777,-0.0037839023862034082,0,2019
2019-08-28,0.02048194408416748,-0.0038923623505979776,0,2019
2019-08-29,0.02118803933262825,0.00698267063125968,0,2019
2019-08-30,0.019737686961889267,0.003400013316422701,0,2019
2019-09-03,0.018906686455011368,-0.011572636663913727,0,2019
2019-09-04,0.022643541917204857,0.0023452630266547203,0,2019
2019-09-05,0.021561577916145325,0.0001080942529370077,0,2019
2019-09-06,0.019025666639208794,-0.0025780810974538326,0,2019
2019-09-09,0.02120272070169449,0.004045276902616024,0,2019
2019-09-10,0.01964239589869976,0.004004593938589096,0,2019
2019-09-11,0.020049791783094406,0.0023484991397708654,0,2019
2019-09-12,0.020454054698348045,0.0030872991774231195,0,2019
2019-09-13,0.02447872795164585,-0.029711492359638214,0,2019
2019-09-16,0.03711293637752533,0.011751572601497173,0,2019
2019-09-17,0.021507970988750458,0.0024847642052918673,0,2019
2019-09-18,0.01780797354876995,0.0018309681909158826,0,2019
2019-09-19,0.023483943194150925,-0.001520572928711772,0,2019
2019-09-20,0.027095071971416473,-0.003781077917665243,0,2019
2019-09-23,0.025561058893799782,0.004713006317615509,0,2019
2019-09-24,0.0154733182862401,0.006103970110416412,0,2019
2019-09-25,0.026062028482556343,0.0011208155192434788,0,2019
2019-09-26,0.022770220413804054,0.004230724647641182,0,2019
2019-09-27,0.02352369762957096,0.009666860103607178,0,2019
2019-09-30,0.027564428746700287,0.0021617920137941837,0,2019
2019-10-01,0.019038230180740356,0.0034165955148637295,0,2019
2019-10-02,0.02239254303276539,-0.0032430579885840416,0,2019
2019-10-03,0.023309463635087013,-0.004671754781156778,0,2019
2019-10-04,0.016817810013890266,0.002721559489145875,0,2019
2019-10-07,0.02397613786160946,0.0034996578469872475,0,2019
2019-10-08,0.020807286724448204,-0.0021156235598027706,0,2019
2019-10-09,0.0212168600410223,-0.0026393055450171232,0,2019
2019-10-10,0.02353675663471222,-0.00385087332688272,0,2019
2019-10-11,0.02081744186580181,0.002269996562972665,0,2019
2019-10-14,0.018424957990646362,0.00383340404368937,0,2019
2019-10-15,0.020395947620272636,-0.003571895882487297,0,2019
2019-10-16,0.018541472032666206,-0.003909897059202194,0,2019
2019-10-17,0.019160522148013115,0.0007725919131189585,0,2019
2019-10-18,0.02053768001496792,0.0013882265193387866,0,2019
2019-10-21,0.02026407979428768,-0.0027486116159707308,0,2019
2019-10-22,0.02020823396742344,-0.007915252819657326,0,2019
2019-10-23,0.021395891904830933,-0.0025349578354507685,0,2019
2019-10-24,0.017913799732923508,-0.0014754731673747301,0,2019
2019-10-25,0.01953122578561306,0.004290229175239801,0,2019
2019-10-28,0.021526316180825233,0.0010913475416600704,0,2019
2019-10-29,0.019211219623684883,-0.0009962673066183925,0,2019
2019-10-30,0.020400894805788994,-0.0005738590261898935,0,2019
2019-10-31,0.0192751232534647,-0.008462799713015556,0,2019
2019-11-01,0.020550191402435303,-0.0010961586376652122,0,2019
2019-11-04,0.020961206406354904,0.0032124186400324106,0,2019
2019-11-05,0.020804112777113914,0.00209640059620142,0,2019
2019-11-06,0.019084066152572632,0.001830143155530095,0,2019
2019-11-07,0.02195766195654869,0.0007603293634019792,0,2019
2019-11-08,0.020779184997081757,0.0022530662827193737,0,2019
2019-11-11,0.019819483160972595,3.96008908865042e-05,0,2019
2019-11-12,0.0204924363642931,-0.0027075358666479588,0,2019
2019-11-13,0.01936515048146248,-0.0013397601433098316,0,2019
2019-11-14,0.018971037119627,-0.004210340324789286,0,2019
2019-11-15,0.01982935518026352,0.0007759751752018929,0,2019
2019-11-18,0.01941443234682083,0.00566054554656148,0,2019
2019-11-19,0.019329415634274483,-0.006886009126901627,0,2019
2019-11-20,0.02183632366359234,-0.0028551972936838865,0,2019
2019-11-21,0.021897858008742332,0.00262076617218554,0,2019
2019-11-22,0.018040621653199196,-0.0007397675071842968,0,2019
2019-11-25,0.01939518190920353,-0.0024798724334686995,0,2019
2019-11-26,0.020620858296751976,0.0014466047286987305,0,2019
2019-11-27,0.019989928230643272,0.0098731629550457,0,2019
2019-11-29,0.017645787447690964,-7.190590258687735e-05,0,2019
2019-12-02,0.02302682213485241,-0.004193506203591824,0,2019
2019-12-03,0.023898225277662277,-0.008171850815415382,0,2019
2019-12-04,0.022671755403280258,-0.00018643525254447013,0,2019
2019-12-05,0.02024989388883114,-0.0018041484290733933,0,2019
2019-12-06,0.02013980597257614,0.00189310684800148,0,2019
2019-12-09,0.020802369341254234,-0.0008526149904355407,0,2019
2019-12-10,0.020639605820178986,-0.0012099307496100664,0,2019
2019-12-11,0.019617687910795212,-0.001953795086592436,0,2019
2019-12-12,0.02173664979636669,-0.006282390560954809,0,2019
2019-12-13,0.021290989592671394,0.000233435130212456,0,2019
2019-12-16,0.01971891149878502,-0.0026660137809813023,0,2019
2019-12-17,0.017859091982245445,0.0006752297049388289,0,2019
2019-12-18,0.019383331760764122,-0.002117781899869442,0,2019
2019-12-19,0.019882546737790108,0.0018719880608841777,0,2019
2019-12-20,0.020965993404388428,-0.0004807962104678154,0,2019
2019-12-23,0.020256228744983673,-0.004725764039903879,0,2019
2019-12-24,0.02084127441048622,-0.004554567858576775,0,2019
2019-12-26,0.021107032895088196,-0.0011232576798647642,0,2019
2019-12-27,0.01891668513417244,-0.00013413550914265215,0,2019
2019-12-30,0.020762089639902115,0.0011403242824599147,0,2019
2019-12-31,0.020885229110717773,-0.003972288221120834,0,2019
2020-01-02,0.021287566050887108,-0.008268944919109344,0,2020
2020-01-03,0.02148953266441822,-0.003199609462171793,0,2020
2020-01-06,0.020597169175744057,0.001300495583564043,0,2020
2020-01-07,0.020191073417663574,0.012212520465254784,0,2020
2020-01-08,0.019293570891022682,0.00017630930233281106,0,2020
2020-01-09,0.020479852333664894,0.0011853629257529974,0,2020
2020-01-10,0.022579848766326904,0.0031941812485456467,0,2020
2020-01-13,0.019976139068603516,-0.00017441318777855486,0,2020
2020-01-14,0.021682318300008774,-0.0005953831714577973,0,2020
2020-01-15,0.020586960017681122,-0.003709973767399788,0,2020
2020-01-16,0.021179554983973503,-0.0016800862504169345,0,2020
2020-01-17,0.019196758046746254,0.00150170992128551,0,2020
2020-01-21,0.02124364674091339,0.005813635420054197,0,2020
2020-01-22,0.021255621686577797,0.001979167340323329,0,2020
2020-01-23,0.020524820312857628,0.006120374426245689,0,2020
2020-01-24,0.01972438581287861,0.005553870461881161,0,2020
2020-01-27,0.020086152479052544,-0.0015361167024821043,0,2020
2020-01-28,0.020996440201997757,-0.00034694233909249306,0,2020
2020-01-29,0.022232752293348312,0.002059284830465913,0,2020
2020-01-30,0.01898050494492054,0.004661031533032656,0,2020
2020-01-31,0.019862348213791847,0.0040543037466704845,0,2020
2020-02-03,0.021086640655994415,0.00410784687846899,0,2020
2020-02-04,0.021478205919265747,-0.006582512054592371,0,2020
2020-02-05,0.021335838362574577,-0.0017117965035140514,0,2020
2020-02-06,0.02135109342634678,0.0025206280406564474,0,2020
2020-02-07,0.019537078216671944,0.000993247958831489,0,2020
2020-02-10,0.020214952528476715,0.0004667413013521582,0,2020
2020-02-11,0.021917345002293587,-0.00598065136000514,0,2020
2020-02-12,0.020499808713793755,-0.00100785365793854,0,2020
2020-02-13,0.02086334303021431,-0.003709664335474372,0,2020
2020-02-14,0.020132150501012802,-0.001798489480279386,0,2020
2020-02-18,0.02110842429101467,-0.0057213460095226765,0,2020
2020-02-19,0.01944558694958687,-0.0030478904955089092,0,2020
2020-02-20,0.017663385719060898,-0.00022414942213799804,0,2020
2020-02-21,0.0193068515509367,0.00841179396957159,0,2020
2020-02-24,0.020427608862519264,0.01452048309147358,0,2020
2020-02-25,0.024382751435041428,0.005842338781803846,0,2020
2020-02-26,0.022743549197912216,0.014840614050626755,0,2020
2020-02-27,0.028044454753398895,0.017016105353832245,0,2020
2020-02-28,0.026784591376781464,-0.022120386362075806,0,2020
2020-03-02,0.03037690930068493,-0.006270244251936674,0,2020
2020-03-03,0.04211718961596489,-0.006659246049821377,0,2020
2020-03-04,0.02502290904521942,0.0066162762232124805,0,2020
2020-03-05,0.0187563207000494,0.020593872293829918,1,2020
2020-03-06,0.02183697745203972,0.06714586168527603,1,2020
2020-03-09,0.03365614637732506,-0.024043500423431396,0,2020
2020-03-10,0.025048013776540756,0.023804232478141785,0,2020
2020-03-11,0.05259370431303978,0.03649555891752243,0,2020
2020-03-12,0.04879547655582428,-0.007060656324028969,0,2020
2020-03-13,0.03646581247448921,0.04488958418369293,1,2020
2020-03-16,0.058698222041130066,0.0006937127327546477,0,2020
2020-03-17,0.04192342609167099,0.07843015342950821,1,2020
2020-03-18,0.02114555425941944,-0.04350296035408974,0,2020
2020-03-19,0.06472592055797577,0.032181136310100555,0,2020
2020-03-20,0.07511703670024872,-0.016110293567180634,0,2020
2020-03-23,0.04314107447862625,-0.034924544394016266,0,2020
2020-03-24,0.0578322559595108,-0.0036851968616247177,0,2020
2020-03-25,0.02639503963291645,-0.00030158113804645836,0,2020
2020-03-26,0.048072267323732376,0.015570783987641335,0,2020
2020-03-27,0.018939439207315445,0.005200185347348452,0,2020
2020-03-30,0.029294142499566078,0.005797548685222864,0,2020
2020-03-31,0.03927142545580864,0.010612159967422485,0,2020
2020-04-01,0.01748570054769516,-0.0532466396689415,0,2020
2020-04-02,0.030632169917225838,-0.018665876239538193,0,2020
2020-04-03,0.02835076116025448,-0.0005531147471629083,0,2020
2020-04-06,0.025001317262649536,0.022461429238319397,0,2020
2020-04-07,0.029129089787602425,-0.02019570954144001,0,2020
2020-04-08,0.021456805989146233,0.008437889628112316,0,2020
2020-04-09,0.03274314105510712,0.00330653740093112,0,2020
2020-04-13,0.015654372051358223,0.01418764516711235,0,2020
2020-04-14,0.01732710190117359,0.007325253449380398,0,2020
2020-04-15,0.018281958997249603,0.0008829114958643913,0,2020
2020-04-16,0.02671727165579796,0.016544293612241745,0,2020
2020-04-17,0.026773987337946892,-0.07361457496881485,0,2020
2020-04-22,0.036482200026512146,-0.035718608647584915,0,2020
2020-04-23,0.03795931860804558,-0.00633852556347847,0,2020
2020-04-24,0.023051932454109192,0.05499166622757912,1,2020
2020-04-27,0.020825186744332314,0.007329718209803104,0,2020
2020-04-28,0.0192465428262949,-0.044372979551553726,0,2020
2020-04-29,0.04652596265077591,-0.04094282537698746,0,2020
2020-04-30,0.035419125109910965,-0.00679192878305912,0,2020
2020-05-01,0.01809553988277912,-0.008672395721077919,0,2020
2020-05-04,0.016757836565375328,-0.037561483681201935,0,2020
2020-05-05,0.028974495828151703,0.010431809350848198,0,2020
2020-05-06,0.028371041640639305,-0.003478958271443844,0,2020
2020-05-07,0.01783064380288124,-0.011875005438923836,0,2020
2020-05-08,0.022619934752583504,0.007115621585398912,0,2020
2020-05-11,0.023469731211662292,-0.010176427662372589,0,2020
2020-05-12,0.018967406824231148,0.00514813419431448,0,2020
2020-05-13,0.013100828975439072,-0.022171979770064354,0,2020
2020-05-14,0.019827576354146004,-0.015225970186293125,0,2020
2020-05-15,0.023575710132718086,-0.01837225817143917,0,2020
2020-05-18,0.02353690005838871,-0.005834138486534357,0,2020
2020-05-19,0.02216208726167679,-0.010317564941942692,0,2020
2020-05-20,0.01711321994662285,0.0013385142665356398,0,2020
2020-05-21,0.026534583419561386,0.0020580182317644358,0,2020
2020-05-22,0.018580835312604904,-0.004047357477247715,0,2020
2020-05-26,0.017605848610401154,0.003981566987931728,0,2020
2020-05-27,0.022677678614854813,-0.005797720979899168,0,2020
2020-05-28,0.018659288063645363,-0.015755170956254005,0,2020
2020-05-29,0.019316038116812706,-0.0012019090354442596,0,2020
2020-06-01,0.019896680489182472,-0.007570495828986168,0,2020
2020-06-02,0.02147838845849037,-0.0020506230648607016,0,2020
2020-06-03,0.02342170849442482,-0.0024717035703361034,0,2020
2020-06-04,0.022283779457211494,-0.012075735256075859,0,2020
2020-06-05,0.023152736946940422,0.002091837814077735,0,2020
2020-06-08,0.01933436468243599,-0.004715119954198599,0,2020
2020-06-09,0.020790116861462593,-0.004093873780220747,0,2020
2020-06-10,0.018377577885985374,0.025867754593491554,1,2020
2020-06-11,0.02167305164039135,-3.207530971849337e-05,0,2020
2020-06-12,0.023689672350883484,-0.004495181143283844,0,2020
2020-06-15,0.02026485465466976,-0.012616727501153946,0,2020
2020-06-16,0.02490645833313465,0.0039294082671403885,0,2020
2020-06-17,0.020137449726462364,-0.004232564941048622,0,2020
2020-06-18,0.019466470927000046,-0.005428053438663483,0,2020
2020-06-19,0.02351442724466324,-0.005290323868393898,0,2020
2020-06-22,0.02096189372241497,-0.003913017921149731,0,2020
2020-06-23,0.021116916090250015,0.017041919752955437,0,2020
2020-06-24,0.02150317281484604,-0.004404949024319649,0,2020
2020-06-25,0.01805061660706997,0.004890169017016888,0,2020
2020-06-26,0.024945899844169617,-0.009629733860492706,0,2020
2020-06-29,0.01932878978550434,-0.002939925529062748,0,2020
2020-06-30,0.0191979818046093,-0.001050287508405745,0,2020
2020-07-01,0.01983308233320713,-0.0067675113677978516,0,2020
2020-07-02,0.022543063387274742,-0.0031865767668932676,0,2020
2020-07-06,0.018975991755723953,-0.001328148297034204,0,2020
2020-07-07,0.02007223293185234,-0.003203755244612694,0,2020
2020-07-08,0.021182581782341003,0.0075245024636387825,0,2020
2020-07-09,0.019974075257778168,-0.005313064903020859,0,2020
2020-07-10,0.02177666686475277,0.0020905283745378256,0,2020
2020-07-13,0.01973980851471424,-0.0041742329485714436,0,2020
2020-07-14,0.019362187013030052,-0.007444219663739204,0,2020
2020-07-15,0.021173443645238876,0.004024810623377562,0,2020
2020-07-16,0.02029985561966896,-0.0003578542673494667,0,2020
2020-07-17,0.021685495972633362,-0.004615785088390112,0,2020
2020-07-20,0.019432401284575462,-0.009278633631765842,0,2020
2020-07-21,0.021193228662014008,-0.004577848128974438,0,2020
2020-07-22,0.020776841789484024,0.003019585506990552,0,2020
2020-07-23,0.019258635118603706,-0.0010672828648239374,0,2020
2020-07-24,0.021023858338594437,-0.007151743397116661,0,2020
2020-07-27,0.02212565764784813,0.00012817652896046638,0,2020
2020-07-28,0.01942986436188221,-0.003892645938321948,0,2020
2020-07-29,0.019924597814679146,0.007185492664575577,0,2020
2020-07-30,0.02036759816110134,-0.00693439319729805,0,2020
2020-07-31,0.02128210850059986,-0.003779871389269829,0,2020
2020-08-03,0.020936818793416023,-0.007968536578118801,0,2020
2020-08-04,0.019569041207432747,-0.006801072042435408,0,2020
2020-08-05,0.02145533449947834,-0.003336247755214572,0,2020
2020-08-06,0.019760092720389366,0.00782395526766777,0,2020
2020-08-07,0.021526925265789032,-0.003631322644650936,0,2020
2020-08-10,0.019955307245254517,0.013913470320403576,0,2020
2020-08-11,0.022301603108644485,-0.007436702959239483,0,2020
2020-08-12,0.020794227719306946,-0.00036713763256557286,0,2020
2020-08-13,0.02189144492149353,0.0026658291462808847,0,2020
2020-08-14,0.02036704309284687,-0.010520575568079948,0,2020
2020-08-17,0.021491356194019318,-0.0026541901752352715,0,2020
2020-08-18,0.019903331995010376,0.003874086309224367,0,2020
2020-08-19,0.022059526294469833,0.004745387937873602,0,2020
2020-08-20,0.021460704505443573,-0.00029541508411057293,0,2020
2020-08-21,0.020644238218665123,-0.0010455370647832751,0,2020
2020-08-24,0.022219441831111908,-0.0019229641184210777,0,2020
2020-08-25,0.018693096935749054,-0.005816987250000238,0,2020
2020-08-26,0.019821979105472565,0.0038417731411755085,0,2020
2020-08-27,0.02054888755083084,-0.005381899420171976,0,2020
2020-08-28,0.019105011597275734,-5.8811048802454025e-05,0,2020
2020-08-31,0.02097996138036251,-0.0032658972777426243,0,2020
2020-09-01,0.01956477388739586,0.006334279663860798,0,2020
2020-09-02,0.019933443516492844,0.009545753709971905,0,2020
2020-09-03,0.022039391100406647,0.011150619015097618,0,2020
2020-09-04,0.020982490852475166,0.020304104313254356,0,2020
2020-09-08,0.021703403443098068,-0.011122486554086208,0,2020
2020-09-09,0.022356200963258743,0.00569579191505909,0,2020
2020-09-10,0.02312897890806198,0.0008014932391233742,0,2020
2020-09-11,0.021551044657826424,-0.0038593770004808903,0,2020
2020-09-14,0.021421292796730995,-0.007131569553166628,0,2020
2020-09-15,0.02274065464735031,-0.008514597080647945,0,2020
2020-09-16,0.024535194039344788,0.00039470649790018797,0,2020
2020-09-17,0.021593676880002022,-0.0002527837350498885,0,2020
2020-09-18,0.02099587768316269,0.016250088810920715,0,2020
2020-09-21,0.022100113332271576,-0.0019755458924919367,0,2020
2020-09-22,0.01850224658846855,0.008276540786027908,0,2020
2020-09-23,0.02336885966360569,-0.002637710655108094,0,2020
2020-09-24,0.019319778308272362,-0.0021501125302165747,0,2020
2020-09-25,0.021811366081237793,-0.005864058155566454,0,2020
2020-09-28,0.021634744480252266,0.004347969777882099,0,2020
2020-09-29,0.018857629969716072,-0.00614211754873395,0,2020
2020-09-30,0.020767023786902428,0.004502282477915287,0,2020
2020-10-01,0.02018376812338829,0.011479170992970467,0,2020
2020-10-02,0.020514607429504395,-0.014549560844898224,0,2020
2020-10-05,0.020771419629454613,-0.0049382648430764675,0,2020
2020-10-06,0.02403240278363228,0.0034827806521207094,0,2020
2020-10-07,0.01897537335753441,-0.00911070965230465,0,2020
2020-10-08,0.020215382799506187,-0.0020041584502905607,0,2020
2020-10-09,0.02086518704891205,0.001219433732330799,0,2020
2020-10-12,0.020178887993097305,0.0005326048121787608,0,2020
2020-10-13,0.020322294905781746,-0.0029682915192097425,0,2020
2020-10-14,0.021629953756928444,0.00067994772689417,0,2020
2020-10-15,0.021419886499643326,0.0013603359693661332,0,2020
2020-10-16,0.019249631091952324,0.0031365822069346905,0,2020
2020-10-19,0.02148977480828762,-0.004903638735413551,0,2020
2020-10-20,0.020432861521840096,0.005210036411881447,0,2020
2020-10-21,0.019156305119395256,-0.0013185349525883794,0,2020
2020-10-22,0.02198180742561817,0.0035187983885407448,0,2020
2020-10-23,0.019865117967128754,0.009164239279925823,0,2020
2020-10-26,0.02035675197839737,-0.0049921865575015545,0,2020
2020-10-27,0.02070527896285057,0.022409971803426743,1,2020
2020-10-28,0.02235586568713188,0.00683994498103857,0,2020
2020-10-29,0.01953199878334999,0.005135431885719299,0,2020
2020-10-30,0.021392473950982094,-0.009164628572762012,0,2020
2020-11-02,0.023563049733638763,-0.009562055580317974,0,2020
2020-11-03,0.024288926273584366,-0.014378262683749199,0,2020
2020-11-04,0.02097846195101738,-0.006752796471118927,0,2020
2020-11-05,0.022267445921897888,0.007475768681615591,0,2020
2020-11-06,0.019101383164525032,-0.00818481482565403,0,2020
2020-11-09,0.022389186546206474,-0.005666695069521666,0,2020
2020-11-10,0.024908611550927162,-0.0005594989052042365,0,2020
2020-11-11,0.018639646470546722,0.0018466406036168337,0,2020
2020-11-12,0.019805168733000755,0.0006509254453703761,0,2020
2020-11-13,0.01947854459285736,-0.00898501742631197,0,2020
2020-11-16,0.018848812207579613,6.684735126327723e-05,0,2020
2020-11-17,0.020418310537934303,0.00161858054343611,0,2020
2020-11-18,0.021054495126008987,0.0009774458594620228,0,2020
2020-11-19,0.021963847801089287,-0.0024904899764806032,0,2020
2020-11-20,0.02086774818599224,-0.001245515770278871,0,2020
2020-11-23,0.02201678790152073,-0.0072789182886481285,0,2020
2020-11-24,0.020437484607100487,-0.004353987518697977,0,2020
2020-11-25,0.021290242671966553,0.002105351071804762,0,2020
2020-11-27,0.020685717463493347,0.0016586990095674992,0,2020
2020-11-30,0.020173439756035805,-0.0013811561511829495,0,2020
2020-12-01,0.01971612684428692,-0.006817984394729137,0,2020
2020-12-02,0.02166304923593998,-0.0038713726680725813,0,2020
2020-12-03,0.02060500718653202,-0.004085749387741089,0,2020
2020-12-04,0.02059311233460903,-0.00045959799899719656,0,2020
2020-12-07,0.01980055496096611,-0.0008853613981045783,0,2020
2020-12-08,0.019207501783967018,0.006175593007355928,0,2020
2020-12-09,0.021501198410987854,-0.0050131818279623985,0,2020
2020-12-10,0.020337693393230438,-0.0010043671354651451,0,2020
2020-12-11,0.021461250260472298,0.0005844059051014483,0,2020
2020-12-14,0.01970014162361622,-0.00785103254020214,0,2020
2020-12-15,0.02062494121491909,-0.0015245182439684868,0,2020
2020-12-16,0.01936003938317299,-0.007315927185118198,0,2020
2020-12-17,0.019820628687739372,-0.003039751434698701,0,2020
2020-12-18,0.020958999171853065,0.007718758191913366,0,2020
2020-12-21,0.020154334604740143,0.004125997889786959,0,2020
2020-12-22,0.021351663395762444,-0.00439949706196785,0,2020
2020-12-23,0.020274899899959564,-0.0020787615794688463,0,2020
2020-12-24,0.020520761609077454,0.0008550927741453052,0,2020
2020-12-28,0.019213179126381874,-0.0016769003123044968,0,2020
2020-12-29,0.020153207704424858,-0.0037423211615532637,0,2020
2020-12-30,0.021086543798446655,-0.002899150364100933,0,2020
2020-12-31,0.019765205681324005,0.0020907900761812925,0,2020
